SET @OLD_UNIQUE_CHECKS=@@UNIQUE_CHECKS, UNIQUE_CHECKS=0;
SET @OLD_FOREIGN_KEY_CHECKS=@@FOREIGN_KEY_CHECKS, FOREIGN_KEY_CHECKS=0;

USE `financeBrosDB`;

INSERT INTO users (user_id, SSN, f_name, l_name, username, password, email, verified, banned, phone, DOB) VALUES ('6235', '576-03-7034', 'Suzette', 'Percival', 'spercival0', '11157405', 'spercival0@jigsy.com', False, False, '595-915-3087', '1978-05-16 13:36:37');
INSERT INTO users (user_id, SSN, f_name, l_name, username, password, email, verified, banned, phone, DOB) VALUES ('6084', '649-47-9927', 'Margaretta', 'Fleeming', 'mfleeming1', '12071827', 'mfleeming1@ted.com', False, False, '196-349-6240', '1979-12-19 08:08:58');
INSERT INTO users (user_id, SSN, f_name, l_name, username, password, email, verified, banned, phone, DOB) VALUES ('7939', '823-53-0820', 'Jason', 'Olesen', 'jolesen2', '3262468', 'jolesen2@sphinn.com', False, False, '836-126-3496', '2003-03-01 06:55:56');
INSERT INTO users (user_id, SSN, f_name, l_name, username, password, email, verified, banned, phone, DOB) VALUES ('928', '560-98-6474', 'Addy', 'Yerborn', 'ayerborn3', '11830613', 'ayerborn3@pagesperso-orange.fr', False, False, '538-747-7627', '2003-05-18 00:48:37');
INSERT INTO users (user_id, SSN, f_name, l_name, username, password, email, verified, banned, phone, DOB) VALUES ('6887', '833-83-1449', 'Collen', 'Isson', 'cisson4', '6024634', 'cisson4@friendfeed.com', False, False, '878-647-8552', '1977-04-05 01:14:18');
INSERT INTO users (user_id, SSN, f_name, l_name, username, password, email, verified, banned, phone, DOB) VALUES ('7192', '312-34-7916', 'Bertine', 'Brownhill', 'bbrownhill5', '6736363', 'bbrownhill5@sakura.ne.jp', False, False, '149-496-4282', '1987-09-12 10:26:16');
INSERT INTO users (user_id, SSN, f_name, l_name, username, password, email, verified, banned, phone, DOB) VALUES ('2452', '788-94-4368', 'Hercule', 'Allcott', 'hallcott6', '3179370', 'hallcott6@sogou.com', False, False, '285-792-4493', '1991-01-27 08:48:51');
INSERT INTO users (user_id, SSN, f_name, l_name, username, password, email, verified, banned, phone, DOB) VALUES ('4066', '135-79-3838', 'Fran', 'Sholem', 'fsholem7', '991332', 'fsholem7@delicious.com', False, False, '371-179-4885', '1993-12-03 08:42:04');
INSERT INTO users (user_id, SSN, f_name, l_name, username, password, email, verified, banned, phone, DOB) VALUES ('10229', '184-25-8186', 'Gerrard', 'Betonia', 'gbetonia8', '7039985', 'gbetonia8@zdnet.com', False, False, '230-659-8123', '1978-01-31 03:42:28');
INSERT INTO users (user_id, SSN, f_name, l_name, username, password, email, verified, banned, phone, DOB) VALUES ('2318', '408-95-1612', 'Nels', 'Pottle', 'npottle9', '9516619', 'npottle9@yahoo.com', False, False, '362-900-4435', '2005-05-24 00:28:31');
INSERT INTO users (user_id, SSN, f_name, l_name, username, password, email, verified, banned, phone, DOB) VALUES ('1005', '546-08-8884', 'Heidie', 'Joslyn', 'hjoslyna', '9321916', 'hjoslyna@loc.gov', False, False, '135-527-3706', '1976-10-22 08:14:25');
INSERT INTO users (user_id, SSN, f_name, l_name, username, password, email, verified, banned, phone, DOB) VALUES ('2703', '540-73-4817', 'Hendrik', 'Stubbe', 'hstubbeb', '4115561', 'hstubbeb@fastcompany.com', False, False, '639-711-9354', '1975-05-25 07:38:32');
INSERT INTO users (user_id, SSN, f_name, l_name, username, password, email, verified, banned, phone, DOB) VALUES ('9580', '761-89-9768', 'Gus', 'Beert', 'gbeertc', '5522479', 'gbeertc@istockphoto.com', False, False, '502-177-0344', '1998-08-30 16:03:04');
INSERT INTO users (user_id, SSN, f_name, l_name, username, password, email, verified, banned, phone, DOB) VALUES ('7573', '821-83-8689', 'Juditha', 'Dale', 'jdaled', '5987333', 'jdaled@constantcontact.com', False, False, '595-562-2972', '1979-03-29 19:56:54');
INSERT INTO users (user_id, SSN, f_name, l_name, username, password, email, verified, banned, phone, DOB) VALUES ('3384', '116-60-5343', 'Ailee', 'Luto', 'alutoe', '7758093', 'alutoe@xing.com', False, False, '195-769-6612', '1971-08-13 09:11:30');
INSERT INTO users (user_id, SSN, f_name, l_name, username, password, email, verified, banned, phone, DOB) VALUES ('526', '515-15-9190', 'Xever', 'Vampouille', 'xvampouillef', '6483389', 'xvampouillef@smh.com.au', False, False, '943-826-3391', '1984-05-27 13:27:42');
INSERT INTO users (user_id, SSN, f_name, l_name, username, password, email, verified, banned, phone, DOB) VALUES ('3969', '746-51-0396', 'Aurilia', 'Trevarthen', 'atrevartheng', '2762269', 'atrevartheng@nsw.gov.au', False, False, '905-331-5111', '1983-09-13 23:13:31');
INSERT INTO users (user_id, SSN, f_name, l_name, username, password, email, verified, banned, phone, DOB) VALUES ('7061', '185-42-4353', 'Nikolos', 'Harpin', 'nharpinh', '2931591', 'nharpinh@jigsy.com', False, False, '917-467-2866', '1989-09-28 13:52:57');
INSERT INTO users (user_id, SSN, f_name, l_name, username, password, email, verified, banned, phone, DOB) VALUES ('10822', '781-57-9072', 'Mabel', 'Cragg', 'mcraggi', '12092122', 'mcraggi@ning.com', False, False, '620-123-7983', '1994-12-21 09:33:30');
INSERT INTO users (user_id, SSN, f_name, l_name, username, password, email, verified, banned, phone, DOB) VALUES ('1964', '579-84-3712', 'Bili', 'Pickervance', 'bpickervancej', '4835986', 'bpickervancej@fda.gov', False, False, '982-406-9197', '1976-02-26 16:18:17');
INSERT INTO users (user_id, SSN, f_name, l_name, username, password, email, verified, banned, phone, DOB) VALUES ('10576', '645-70-8708', 'Cissy', 'Hadden', 'chaddenk', '3743903', 'chaddenk@prweb.com', False, False, '815-164-2009', '1999-09-21 05:30:13');
INSERT INTO users (user_id, SSN, f_name, l_name, username, password, email, verified, banned, phone, DOB) VALUES ('11852', '111-30-9878', 'Fawne', 'Lodevick', 'flodevickl', '2857983', 'flodevickl@senate.gov', False, False, '883-621-2454', '1986-02-20 15:07:52');
INSERT INTO users (user_id, SSN, f_name, l_name, username, password, email, verified, banned, phone, DOB) VALUES ('11186', '115-18-5514', 'Phillida', 'Mattiuzzi', 'pmattiuzzim', '8578055', 'pmattiuzzim@mlb.com', False, False, '257-988-8540', '1970-11-05 11:32:14');
INSERT INTO users (user_id, SSN, f_name, l_name, username, password, email, verified, banned, phone, DOB) VALUES ('11321', '894-33-7002', 'Etan', 'Ferran', 'eferrann', '5206496', 'eferrann@mozilla.com', False, False, '453-499-4308', '1999-06-22 19:45:25');
INSERT INTO users (user_id, SSN, f_name, l_name, username, password, email, verified, banned, phone, DOB) VALUES ('7767', '556-87-9852', 'Phillip', 'MacKill', 'pmackillo', '2603203', 'pmackillo@posterous.com', False, False, '833-811-2406', '1973-06-18 16:11:39');
INSERT INTO users (user_id, SSN, f_name, l_name, username, password, email, verified, banned, phone, DOB) VALUES ('2425', '228-01-2672', 'Adara', 'Ecles', 'aeclesp', '1866618', 'aeclesp@pbs.org', False, False, '208-322-8082', '1985-02-10 13:09:40');
INSERT INTO users (user_id, SSN, f_name, l_name, username, password, email, verified, banned, phone, DOB) VALUES ('11201', '449-52-4444', 'Massimiliano', 'Bennis', 'mbennisq', '3248085', 'mbennisq@oaic.gov.au', False, False, '733-686-4815', '1971-02-02 14:42:33');
INSERT INTO users (user_id, SSN, f_name, l_name, username, password, email, verified, banned, phone, DOB) VALUES ('2292', '248-44-0060', 'Bartolemo', 'Cowoppe', 'bcowopper', '9633200', 'bcowopper@netvibes.com', False, False, '977-200-1237', '1978-07-03 08:22:17');
INSERT INTO users (user_id, SSN, f_name, l_name, username, password, email, verified, banned, phone, DOB) VALUES ('9379', '494-17-3199', 'Brent', 'Songer', 'bsongers', '11119494', 'bsongers@aol.com', False, False, '326-826-8925', '1998-07-13 09:49:05');
INSERT INTO users (user_id, SSN, f_name, l_name, username, password, email, verified, banned, phone, DOB) VALUES ('2244', '349-84-6130', 'Gwenneth', 'Minico', 'gminicot', '8157052', 'gminicot@wp.com', False, False, '862-238-5587', '1988-02-26 04:51:18');
INSERT INTO users (user_id, SSN, f_name, l_name, username, password, email, verified, banned, phone, DOB) VALUES ('1048', '240-50-0779', 'Bud', 'Rispin', 'brispinu', '1970540', 'brispinu@alibaba.com', False, False, '176-751-1680', '1989-12-18 15:36:03');
INSERT INTO users (user_id, SSN, f_name, l_name, username, password, email, verified, banned, phone, DOB) VALUES ('9612', '640-42-3765', 'Hyacinthie', 'Rieme', 'hriemev', '10878269', 'hriemev@myspace.com', False, False, '644-934-0796', '1976-10-31 04:25:01');
INSERT INTO users (user_id, SSN, f_name, l_name, username, password, email, verified, banned, phone, DOB) VALUES ('11437', '671-28-4337', 'Bartholomew', 'Shailer', 'bshailerw', '8631047', 'bshailerw@cyberchimps.com', False, False, '935-363-9985', '1996-06-02 16:19:03');
INSERT INTO users (user_id, SSN, f_name, l_name, username, password, email, verified, banned, phone, DOB) VALUES ('1578', '516-77-9106', 'Kristoforo', 'Ledson', 'kledsonx', '11120350', 'kledsonx@wiley.com', False, False, '154-542-2178', '1996-12-27 03:59:51');
INSERT INTO users (user_id, SSN, f_name, l_name, username, password, email, verified, banned, phone, DOB) VALUES ('9708', '686-15-0369', 'Ebeneser', 'McArd', 'emcardy', '9349855', 'emcardy@feedburner.com', False, False, '921-597-5406', '1984-06-06 05:20:21');
INSERT INTO users (user_id, SSN, f_name, l_name, username, password, email, verified, banned, phone, DOB) VALUES ('8415', '645-18-2706', 'Stanislas', 'Moakler', 'smoaklerz', '2627473', 'smoaklerz@drupal.org', False, False, '435-511-7630', '2002-08-21 22:57:08');
INSERT INTO users (user_id, SSN, f_name, l_name, username, password, email, verified, banned, phone, DOB) VALUES ('5601', '240-71-8375', 'Sharlene', 'Garrod', 'sgarrod10', '8531322', 'sgarrod10@cloudflare.com', False, False, '466-899-4282', '1993-04-15 12:56:00');
INSERT INTO users (user_id, SSN, f_name, l_name, username, password, email, verified, banned, phone, DOB) VALUES ('4883', '420-59-2587', 'Maurise', 'Rosettini', 'mrosettini11', '11074918', 'mrosettini11@craigslist.org', False, False, '576-345-8485', '1973-09-05 16:16:53');
INSERT INTO users (user_id, SSN, f_name, l_name, username, password, email, verified, banned, phone, DOB) VALUES ('2942', '345-33-5454', 'Starlin', 'Muslim', 'smuslim12', '979347', 'smuslim12@bloglines.com', False, False, '576-754-6878', '1998-12-19 09:10:49');
INSERT INTO users (user_id, SSN, f_name, l_name, username, password, email, verified, banned, phone, DOB) VALUES ('9997', '360-02-0378', 'Jefferey', 'Tirrell', 'jtirrell13', '506064', 'jtirrell13@washingtonpost.com', False, False, '870-339-2225', '1978-07-19 19:26:17');
INSERT INTO follows (following_id, follower_id, timestamp, count, user_id) VALUES ('3384', '2318', '2024-05-14 20:06:01', '98', '2318');
INSERT INTO follows (following_id, follower_id, timestamp, count, user_id) VALUES ('1964', '2452', '2024-01-13 12:25:36', '67', '928');
INSERT INTO follows (following_id, follower_id, timestamp, count, user_id) VALUES ('6887', '7939', '2024-08-07 00:18:28', '31', '6887');
INSERT INTO follows (following_id, follower_id, timestamp, count, user_id) VALUES ('11201', '1005', '2023-08-25 23:20:51', '92', '6887');
INSERT INTO follows (following_id, follower_id, timestamp, count, user_id) VALUES ('6235', '4883', '2023-10-09 01:02:36', '32', '9580');
INSERT INTO follows (following_id, follower_id, timestamp, count, user_id) VALUES ('7061', '11437', '2024-02-24 18:01:10', '78', '7573');
INSERT INTO follows (following_id, follower_id, timestamp, count, user_id) VALUES ('3384', '3384', '2024-02-15 07:40:40', '40', '10229');
INSERT INTO follows (following_id, follower_id, timestamp, count, user_id) VALUES ('11186', '10576', '2023-09-17 18:22:48', '56', '526');
INSERT INTO follows (following_id, follower_id, timestamp, count, user_id) VALUES ('9612', '8415', '2024-03-02 07:34:56', '41', '7573');
INSERT INTO follows (following_id, follower_id, timestamp, count, user_id) VALUES ('11852', '526', '2024-06-21 14:49:27', '83', '11437');
INSERT INTO follows (following_id, follower_id, timestamp, count, user_id) VALUES ('9708', '10576', '2024-03-04 07:18:58', '95', '1578');
INSERT INTO follows (following_id, follower_id, timestamp, count, user_id) VALUES ('11852', '2703', '2024-07-24 14:46:09', '41', '11437');
INSERT INTO follows (following_id, follower_id, timestamp, count, user_id) VALUES ('1964', '11201', '2024-01-21 13:10:34', '8', '10576');
INSERT INTO follows (following_id, follower_id, timestamp, count, user_id) VALUES ('2942', '3384', '2023-11-07 00:23:41', '52', '2318');
INSERT INTO follows (following_id, follower_id, timestamp, count, user_id) VALUES ('2244', '2425', '2024-04-25 05:23:10', '10', '6235');
INSERT INTO follows (following_id, follower_id, timestamp, count, user_id) VALUES ('1578', '4883', '2024-07-02 23:00:10', '40', '7767');
INSERT INTO follows (following_id, follower_id, timestamp, count, user_id) VALUES ('4883', '2452', '2023-12-22 09:58:40', '42', '9708');
INSERT INTO follows (following_id, follower_id, timestamp, count, user_id) VALUES ('4883', '6235', '2024-03-24 15:35:14', '81', '8415');
INSERT INTO follows (following_id, follower_id, timestamp, count, user_id) VALUES ('9997', '2703', '2024-06-13 15:55:21', '20', '2425');
INSERT INTO follows (following_id, follower_id, timestamp, count, user_id) VALUES ('4883', '7061', '2024-08-03 06:56:59', '74', '2425');
INSERT INTO follows (following_id, follower_id, timestamp, count, user_id) VALUES ('9997', '4883', '2024-05-31 14:04:51', '61', '8415');
INSERT INTO follows (following_id, follower_id, timestamp, count, user_id) VALUES ('9997', '7061', '2024-05-14 17:31:43', '48', '7939');
INSERT INTO follows (following_id, follower_id, timestamp, count, user_id) VALUES ('928', '7573', '2024-05-19 06:02:12', '94', '1578');
INSERT INTO follows (following_id, follower_id, timestamp, count, user_id) VALUES ('7767', '3384', '2023-12-11 02:15:27', '90', '10229');
INSERT INTO follows (following_id, follower_id, timestamp, count, user_id) VALUES ('5601', '7767', '2024-01-31 20:34:33', '75', '11852');
INSERT INTO follows (following_id, follower_id, timestamp, count, user_id) VALUES ('1578', '2452', '2024-02-29 19:33:55', '82', '7061');
INSERT INTO follows (following_id, follower_id, timestamp, count, user_id) VALUES ('11852', '9612', '2024-01-16 11:46:11', '50', '1964');
INSERT INTO follows (following_id, follower_id, timestamp, count, user_id) VALUES ('1048', '2942', '2024-02-01 07:29:02', '27', '7767');
INSERT INTO follows (following_id, follower_id, timestamp, count, user_id) VALUES ('9379', '7192', '2024-04-25 15:11:48', '2', '10822');
INSERT INTO follows (following_id, follower_id, timestamp, count, user_id) VALUES ('7767', '1048', '2024-03-06 11:30:22', '62', '8415');
INSERT INTO follows (following_id, follower_id, timestamp, count, user_id) VALUES ('7573', '11852', '2024-04-02 16:05:26', '78', '3969');
INSERT INTO follows (following_id, follower_id, timestamp, count, user_id) VALUES ('11852', '10576', '2023-09-19 05:42:00', '26', '3969');
INSERT INTO follows (following_id, follower_id, timestamp, count, user_id) VALUES ('11321', '9379', '2024-07-26 01:16:04', '48', '9997');
INSERT INTO follows (following_id, follower_id, timestamp, count, user_id) VALUES ('11321', '8415', '2023-08-24 02:58:33', '3', '9612');
INSERT INTO follows (following_id, follower_id, timestamp, count, user_id) VALUES ('1964', '2318', '2024-03-08 07:55:56', '56', '7767');
INSERT INTO follows (following_id, follower_id, timestamp, count, user_id) VALUES ('8415', '7192', '2024-06-12 08:54:45', '50', '1964');
INSERT INTO follows (following_id, follower_id, timestamp, count, user_id) VALUES ('10576', '9708', '2024-01-10 10:24:52', '72', '5601');
INSERT INTO follows (following_id, follower_id, timestamp, count, user_id) VALUES ('3969', '11437', '2024-08-03 15:41:10', '3', '4066');
INSERT INTO follows (following_id, follower_id, timestamp, count, user_id) VALUES ('2942', '7061', '2024-01-19 13:39:02', '60', '2452');
INSERT INTO follows (following_id, follower_id, timestamp, count, user_id) VALUES ('2244', '6887', '2023-10-09 05:08:59', '40', '2244');
INSERT INTO personalPortfolio (portfolio_id, beta, liquidated_Value, P_L, user_id) VALUES ('453240', '1.9665384', '235743.63', '300700.33', '3384');
INSERT INTO personalPortfolio (portfolio_id, beta, liquidated_Value, P_L, user_id) VALUES ('825852', '1.099205', '781059.81', '482049.01', '4066');
INSERT INTO personalPortfolio (portfolio_id, beta, liquidated_Value, P_L, user_id) VALUES ('476429', '4.5221873', '134333.19', '418356.13', '2425.0');
INSERT INTO personalPortfolio (portfolio_id, beta, liquidated_Value, P_L, user_id) VALUES ('115072', '2.1885711', '24770.3', '686126.0', '6887');
INSERT INTO personalPortfolio (portfolio_id, beta, liquidated_Value, P_L, user_id) VALUES ('963338', '3.9287536', '116150.5', '161652.39', '2292.0');
INSERT INTO personalPortfolio (portfolio_id, beta, liquidated_Value, P_L, user_id) VALUES ('169134', '6.7984718', '660765.31', '643756.65', '11852.0');
INSERT INTO personalPortfolio (portfolio_id, beta, liquidated_Value, P_L, user_id) VALUES ('335372', '6.0036496', '700332.14', '318717.32', '9612');
INSERT INTO personalPortfolio (portfolio_id, beta, liquidated_Value, P_L, user_id) VALUES ('980967', '4.9321881', '909694.99', '504528.49', '4');
INSERT INTO personalPortfolio (portfolio_id, beta, liquidated_Value, P_L, user_id) VALUES ('590373', '7.4026984', '719012.23', '476119.3', '526');
INSERT INTO personalPortfolio (portfolio_id, beta, liquidated_Value, P_L, user_id) VALUES ('788419', '3.3541762', '50062.33', '12707.3', '3969');
INSERT INTO personalPortfolio (portfolio_id, beta, liquidated_Value, P_L, user_id) VALUES ('1096791', '2.0962255', '496132.79', '39986.67', '2452');
INSERT INTO personalPortfolio (portfolio_id, beta, liquidated_Value, P_L, user_id) VALUES ('552434', '3.2425078', '141209.49', '62790.83', '6084.0');
INSERT INTO personalPortfolio (portfolio_id, beta, liquidated_Value, P_L, user_id) VALUES ('970969', '1.1279657', '441274.14', '423089.52', '2244.0');
INSERT INTO personalPortfolio (portfolio_id, beta, liquidated_Value, P_L, user_id) VALUES ('610232', '6.5363546', '785982.29', '215972.9', '2703.0');
INSERT INTO personalPortfolio (portfolio_id, beta, liquidated_Value, P_L, user_id) VALUES ('333165', '1.397228', '542983.06', '441870.52', '7573.0');
INSERT INTO personalPortfolio (portfolio_id, beta, liquidated_Value, P_L, user_id) VALUES ('596999', '6.8720166', '644660.97', '561956.3', '9379.0');
INSERT INTO personalPortfolio (portfolio_id, beta, liquidated_Value, P_L, user_id) VALUES ('712250', '4.6862092', '302595.01', '3156.22', '6235.0');
INSERT INTO personalPortfolio (portfolio_id, beta, liquidated_Value, P_L, user_id) VALUES ('950803', '4.8956879', '715236.29', '603003.0', '7939.0');
INSERT INTO personalPortfolio (portfolio_id, beta, liquidated_Value, P_L, user_id) VALUES ('341724', '0.0016643', '728657.31', '424133.78', '10229');
INSERT INTO personalPortfolio (portfolio_id, beta, liquidated_Value, P_L, user_id) VALUES ('730368', '5.4061541', '377539.1', '676128.81', '1964');
INSERT INTO personalPortfolio (portfolio_id, beta, liquidated_Value, P_L, user_id) VALUES ('569110', '5.0930775', '72444.16', '690051.73', '9708.0');
INSERT INTO personalPortfolio (portfolio_id, beta, liquidated_Value, P_L, user_id) VALUES ('644119', '7.0327074', '298405.81', '169227.28', '9580.0');
INSERT INTO personalPortfolio (portfolio_id, beta, liquidated_Value, P_L, user_id) VALUES ('240574', '1.8462782', '65891.58', '362795.43', '4883.0');
INSERT INTO personalPortfolio (portfolio_id, beta, liquidated_Value, P_L, user_id) VALUES ('793861', '3.9787253', '974934.68', '251223.05', '11437.0');
INSERT INTO personalPortfolio (portfolio_id, beta, liquidated_Value, P_L, user_id) VALUES ('287759', '7.79426', '709198.49', '84420.15', '1005.0');
INSERT INTO personalPortfolio (portfolio_id, beta, liquidated_Value, P_L, user_id) VALUES ('321698', '5.3048697', '704318.26', '646167.93', '10822');
INSERT INTO personalPortfolio (portfolio_id, beta, liquidated_Value, P_L, user_id) VALUES ('918148', '6.5774385', '948421.15', '479533.33', '6084.0');
INSERT INTO personalPortfolio (portfolio_id, beta, liquidated_Value, P_L, user_id) VALUES ('542532', '3.7787888', '851477.9', '455987.58', '928');
INSERT INTO personalPortfolio (portfolio_id, beta, liquidated_Value, P_L, user_id) VALUES ('215037', '7.8229573', '661287.37', '403620.46', '7192.0');
INSERT INTO personalPortfolio (portfolio_id, beta, liquidated_Value, P_L, user_id) VALUES ('936884', '5.9205724', '23301.48', '617409.73', '9997.0');
INSERT INTO personalPortfolio (portfolio_id, beta, liquidated_Value, P_L, user_id) VALUES ('923446', '2.1850493', '795128.81', '155792.29', '11321.0');
INSERT INTO personalPortfolio (portfolio_id, beta, liquidated_Value, P_L, user_id) VALUES ('649352', '2.2189073', '119609.35', '494729.61', '5601.0');
INSERT INTO personalPortfolio (portfolio_id, beta, liquidated_Value, P_L, user_id) VALUES ('594738', '4.2892184', '774587.69', '12926.57', '7061.0');
INSERT INTO personalPortfolio (portfolio_id, beta, liquidated_Value, P_L, user_id) VALUES ('410746', '3.2456313', '40796.4', '81406.76', '1048.0');
INSERT INTO personalPortfolio (portfolio_id, beta, liquidated_Value, P_L, user_id) VALUES ('714764', '0.1538264', '78783.2', '674747.83', '2942.0');
INSERT INTO personalPortfolio (portfolio_id, beta, liquidated_Value, P_L, user_id) VALUES ('457438', '5.3095066', '118413.45', '496338.87', '2318.0');
INSERT INTO personalPortfolio (portfolio_id, beta, liquidated_Value, P_L, user_id) VALUES ('410813', '5.0761464', '389578.74', '556019.87', '10576.0');
INSERT INTO personalPortfolio (portfolio_id, beta, liquidated_Value, P_L, user_id) VALUES ('664526', '3.3099129', '744513.3', '120789.97', '8415.0');
INSERT INTO personalPortfolio (portfolio_id, beta, liquidated_Value, P_L, user_id) VALUES ('440235', '5.3138356', '182682.17', '636211.73', '7767.0');
INSERT INTO personalPortfolio (portfolio_id, beta, liquidated_Value, P_L, user_id) VALUES ('2320', '1.3665384', '23574003.63', '3000700.33', '11186');
INSERT INTO personalPortfolio (portfolio_id, beta, liquidated_Value, P_L, user_id) VALUES ('825', '1.199205', '78100059.81', '4820049.01', '11201');
INSERT INTO personalPortfolio (portfolio_id, beta, liquidated_Value, P_L, user_id) VALUES ('220', '1.3665384', '235703.63', '300.33', '1578');
INSERT INTO dashboardFeed (dashboard_feed_id, startTime, endTime, kpi_id, updatedTime, user_id) VALUES ('798', '2023-10-29 06:19:11', '2023-10-29 07:10:32', '899', '2024-07-13 18:28:08', '10576');
INSERT INTO dashboardFeed (dashboard_feed_id, startTime, endTime, kpi_id, updatedTime, user_id) VALUES ('313', '2024-07-07 02:24:35', '2024-07-07 03:28:04', '166', '2023-09-03 14:46:59', '2425');
INSERT INTO dashboardFeed (dashboard_feed_id, startTime, endTime, kpi_id, updatedTime, user_id) VALUES ('74', '2024-07-26 12:43:33', '2024-07-26 13:16:59', '801', '2024-04-04 02:54:31', '9997');
INSERT INTO dashboardFeed (dashboard_feed_id, startTime, endTime, kpi_id, updatedTime, user_id) VALUES ('740', '2024-05-10 14:52:05', '2024-05-10 15:33:25', '468', '2024-03-20 13:17:41', '7192');
INSERT INTO dashboardFeed (dashboard_feed_id, startTime, endTime, kpi_id, updatedTime, user_id) VALUES ('468', '2023-09-13 07:43:38', '2023-09-13 08:13:10', '816', '2023-10-02 22:38:28', '9708');
INSERT INTO dashboardFeed (dashboard_feed_id, startTime, endTime, kpi_id, updatedTime, user_id) VALUES ('911', '2023-11-05 17:48:47', '2023-11-05 18:20:03', '218', '2024-08-02 02:29:47', '6887');
INSERT INTO dashboardFeed (dashboard_feed_id, startTime, endTime, kpi_id, updatedTime, user_id) VALUES ('825', '2024-04-07 14:23:21', '2024-04-07 15:14:48', '690', '2023-11-19 03:43:05', '3969');
INSERT INTO dashboardFeed (dashboard_feed_id, startTime, endTime, kpi_id, updatedTime, user_id) VALUES ('936', '2023-09-17 05:11:02', '2023-09-17 05:21:19', '603', '2024-03-19 06:39:15', '11437');
INSERT INTO dashboardFeed (dashboard_feed_id, startTime, endTime, kpi_id, updatedTime, user_id) VALUES ('559', '2023-10-27 20:48:42', '2023-10-27 22:08:06', '117', '2024-07-02 13:18:01', '11437');
INSERT INTO dashboardFeed (dashboard_feed_id, startTime, endTime, kpi_id, updatedTime, user_id) VALUES ('67', '2024-01-17 02:21:54', '2024-01-17 02:37:21', '865', '2024-08-05 18:45:53', '7192');
INSERT INTO dashboardFeed (dashboard_feed_id, startTime, endTime, kpi_id, updatedTime, user_id) VALUES ('689', '2024-06-17 18:30:23', '2024-06-17 18:39:43', '920', '2024-07-02 01:23:24', '11321');
INSERT INTO dashboardFeed (dashboard_feed_id, startTime, endTime, kpi_id, updatedTime, user_id) VALUES ('948', '2024-07-23 18:38:32', '2024-07-23 18:54:51', '954', '2024-04-26 10:02:21', '2452');
INSERT INTO dashboardFeed (dashboard_feed_id, startTime, endTime, kpi_id, updatedTime, user_id) VALUES ('51', '2024-06-30 12:23:14', '2024-06-30 13:47:37', '212', '2024-05-11 12:06:28', '8415');
INSERT INTO dashboardFeed (dashboard_feed_id, startTime, endTime, kpi_id, updatedTime, user_id) VALUES ('195', '2024-04-17 23:37:16', '2024-04-18 00:33:37', '320', '2024-02-12 03:15:57', '526');
INSERT INTO dashboardFeed (dashboard_feed_id, startTime, endTime, kpi_id, updatedTime, user_id) VALUES ('250', '2024-05-04 00:38:14', '2024-05-04 01:20:30', '784', '2024-02-23 21:19:53', '1578');
INSERT INTO dashboardFeed (dashboard_feed_id, startTime, endTime, kpi_id, updatedTime, user_id) VALUES ('399', '2024-05-03 15:23:25', '2024-05-03 15:37:47', '862', '2023-08-28 00:08:07', '11321');
INSERT INTO dashboardFeed (dashboard_feed_id, startTime, endTime, kpi_id, updatedTime, user_id) VALUES ('630', '2024-06-10 18:31:13', '2024-06-10 19:47:35', '811', '2024-07-09 08:39:19', '3384');
INSERT INTO dashboardFeed (dashboard_feed_id, startTime, endTime, kpi_id, updatedTime, user_id) VALUES ('205', '2024-04-10 09:10:33', '2024-04-10 10:19:49', '340', '2023-10-21 12:15:14', '6887');
INSERT INTO dashboardFeed (dashboard_feed_id, startTime, endTime, kpi_id, updatedTime, user_id) VALUES ('319', '2024-06-27 09:40:36', '2024-06-27 11:05:57', '705', '2024-07-05 01:42:24', '4883');
INSERT INTO dashboardFeed (dashboard_feed_id, startTime, endTime, kpi_id, updatedTime, user_id) VALUES ('731', '2023-08-22 05:57:19', '2023-08-22 06:33:37', '555', '2023-08-27 13:30:22', '2292');
INSERT INTO dashboardFeed (dashboard_feed_id, startTime, endTime, kpi_id, updatedTime, user_id) VALUES ('753', '2024-02-06 01:22:10', '2024-02-06 02:31:27', '863', '2023-08-17 22:39:54', '9612');
INSERT INTO dashboardFeed (dashboard_feed_id, startTime, endTime, kpi_id, updatedTime, user_id) VALUES ('87', '2024-06-13 13:42:37', '2024-06-13 14:39:02', '829', '2024-05-02 12:19:57', '1005');
INSERT INTO dashboardFeed (dashboard_feed_id, startTime, endTime, kpi_id, updatedTime, user_id) VALUES ('923', '2024-08-03 20:57:34', '2024-08-03 21:23:06', '559', '2024-06-07 06:23:04', '7573');
INSERT INTO dashboardFeed (dashboard_feed_id, startTime, endTime, kpi_id, updatedTime, user_id) VALUES ('277', '2023-11-21 15:22:56', '2023-11-21 16:09:28', '825', '2023-09-10 01:04:31', '2942');
INSERT INTO dashboardFeed (dashboard_feed_id, startTime, endTime, kpi_id, updatedTime, user_id) VALUES ('223', '2024-06-07 06:54:46', '2024-06-07 07:03:09', '982', '2023-12-29 08:07:13', '10576');
INSERT INTO dashboardFeed (dashboard_feed_id, startTime, endTime, kpi_id, updatedTime, user_id) VALUES ('273', '2024-03-30 02:13:11', '2024-03-30 03:35:39', '995', '2023-09-25 20:11:21', '928');
INSERT INTO dashboardFeed (dashboard_feed_id, startTime, endTime, kpi_id, updatedTime, user_id) VALUES ('335', '2024-08-09 15:33:51', '2024-08-09 15:44:08', '805', '2024-05-15 14:28:12', '1048');
INSERT INTO dashboardFeed (dashboard_feed_id, startTime, endTime, kpi_id, updatedTime, user_id) VALUES ('654', '2024-04-12 00:55:12', '2024-04-12 01:47:32', '84', '2023-09-10 21:17:24', '3384');
INSERT INTO dashboardFeed (dashboard_feed_id, startTime, endTime, kpi_id, updatedTime, user_id) VALUES ('975', '2023-12-17 21:38:17', '2023-12-17 22:56:37', '410', '2023-10-11 16:32:27', '7192');
INSERT INTO dashboardFeed (dashboard_feed_id, startTime, endTime, kpi_id, updatedTime, user_id) VALUES ('154', '2023-10-27 05:34:16', '2023-10-27 06:08:36', '929', '2024-03-29 16:58:52', '7061');
INSERT INTO dashboardFeed (dashboard_feed_id, startTime, endTime, kpi_id, updatedTime, user_id) VALUES ('876', '2024-05-04 10:48:13', '2024-05-04 11:42:30', '254', '2024-07-02 02:35:26', '3384');
INSERT INTO dashboardFeed (dashboard_feed_id, startTime, endTime, kpi_id, updatedTime, user_id) VALUES ('984', '2024-03-06 07:17:58', '2024-03-06 07:49:30', '532', '2024-06-20 04:48:40', '7767');
INSERT INTO dashboardFeed (dashboard_feed_id, startTime, endTime, kpi_id, updatedTime, user_id) VALUES ('270', '2024-06-13 16:26:08', '2024-06-13 16:50:34', '154', '2024-06-11 19:18:17', '11852');
INSERT INTO dashboardFeed (dashboard_feed_id, startTime, endTime, kpi_id, updatedTime, user_id) VALUES ('555', '2023-09-02 13:42:33', '2023-09-02 13:56:52', '966', '2024-02-18 03:44:59', '10822');
INSERT INTO dashboardFeed (dashboard_feed_id, startTime, endTime, kpi_id, updatedTime, user_id) VALUES ('112', '2024-06-29 23:34:11', '2024-06-30 00:18:27', '955', '2023-08-29 22:10:28', '8415');
INSERT INTO dashboardFeed (dashboard_feed_id, startTime, endTime, kpi_id, updatedTime, user_id) VALUES ('420', '2024-04-08 21:29:52', '2024-04-08 21:50:22', '601', '2024-03-10 21:33:02', '10229');
INSERT INTO dashboardFeed (dashboard_feed_id, startTime, endTime, kpi_id, updatedTime, user_id) VALUES ('685', '2024-06-09 00:28:55', '2024-06-09 00:49:25', '925', '2024-07-14 18:47:36', '1048');
INSERT INTO dashboardFeed (dashboard_feed_id, startTime, endTime, kpi_id, updatedTime, user_id) VALUES ('477', '2024-08-01 14:19:11', '2024-08-01 15:00:42', '740', '2024-08-06 15:19:31', '9708');
INSERT INTO dashboardFeed (dashboard_feed_id, startTime, endTime, kpi_id, updatedTime, user_id) VALUES ('310', '2023-11-11 18:31:08', '2023-11-11 19:14:40', '361', '2024-03-02 14:59:38', '11186');
INSERT INTO verifiedPublicProfile (verified_user_id, kpi_id, photo_url, verified_username, biography, user_id) VALUES ('32', '865', 'http://dummyimage.com/129x219.png/cc0000/ffffff', 'hjoslyna', 'Suspendisse accumsan tortor quis turpis. Sed ante. Vivamus tortor.', '1005');
INSERT INTO verifiedPublicProfile (verified_user_id, kpi_id, photo_url, verified_username, biography, user_id) VALUES ('75', '740', 'http://dummyimage.com/112x205.png/cc0000/ffffff', 'bpickervancej', 'Duis bibendum. Morbi non quam nec dui luctus rutrum.', '1964');
INSERT INTO verifiedPublicProfile (verified_user_id, kpi_id, photo_url, verified_username, biography, user_id) VALUES ('98', '862', 'http://dummyimage.com/154x236.png/ff4444/ffffff', 'smuslim12', 'Donec ut dolor. Morbi vel lectus in quam fringilla rhoncus.', '2942');
INSERT INTO verifiedPublicProfile (verified_user_id, kpi_id, photo_url, verified_username, biography, user_id) VALUES ('13', '212', 'http://dummyimage.com/224x177.png/dddddd/000000', 'jtirrell13', 'Aliquam non mauris. Morbi non lectus. Aliquam sit amet diam in magna bibendum imperdiet.', '9997');
INSERT INTO verifiedPrivateProfile (verified_user_id, kpi_id, photo_url, verified_username, biography, user_id) VALUES ('75', '532', 'http://dummyimage.com/112x205.png/cc0000/ffffff', 'bpickervancej', 'Duis bibendum. Morbi non quam nec dui luctus rutrum.', '1964');
INSERT INTO verifiedPrivateProfile (verified_user_id, kpi_id, photo_url, verified_username, biography, user_id) VALUES ('76', '154', 'http://dummyimage.com/112x205.png/cc0000/ffffff', 'bpickervancej', 'Duis bibendum. Morbi non quam nec dui luctus rutrum.', '1964');
INSERT INTO verifiedPrivateProfile (verified_user_id, kpi_id, photo_url, verified_username, biography, user_id) VALUES ('13', '254', 'http://dummyimage.com/224x177.png/dddddd/000000', 'jtirrell13', 'Aliquam non mauris. Morbi non lectus. Aliquam sit amet diam in magna bibendum imperdiet.', '9997');
INSERT INTO verifiedPrivateProfile (verified_user_id, kpi_id, photo_url, verified_username, biography, user_id) VALUES ('32', '361', 'http://dummyimage.com/224x177.png/dddddd/000000', 'jtirrell13', 'Aliquam non mauris. Morbi non lectus. Aliquam sit amet diam in magna bibendum imperdiet.', '9997');
INSERT INTO dashboardFeed (dashboard_feed_id, startTime, endTime, kpi_id, updatedTime, user_id) VALUES ('398', '2023-09-23 09:22:49', '2023-09-23 10:43:20', '866', '2023-11-01 23:12:16', '1048');
INSERT INTO stock (ticker, sharePrice, stockName, beta) VALUES ('PFD', '67.49', 'Flaherty & Crumrine Preferred Income Fund Incorporated', '6.8185641');
INSERT INTO stock (ticker, sharePrice, stockName, beta) VALUES ('SFBS', '558.02', 'ServisFirst Bancshares, Inc.', '6.1552353');
INSERT INTO stock (ticker, sharePrice, stockName, beta) VALUES ('IMMY', '295.37', 'Imprimis Pharmaceuticals, Inc.', '3.0614624');
INSERT INTO stock (ticker, sharePrice, stockName, beta) VALUES ('RCON', '128.51', 'Recon Technology, Ltd.', '6.3942584');
INSERT INTO stock (ticker, sharePrice, stockName, beta) VALUES ('TOO', '208.3', 'Teekay Offshore Partners L.P.', '2.8035853');
INSERT INTO stock (ticker, sharePrice, stockName, beta) VALUES ('NGHCN', '488.98', 'National General Holdings Corp', '5.1609069');
INSERT INTO stock (ticker, sharePrice, stockName, beta) VALUES ('NYMTP', '640.59', 'New York Mortgage Trust, Inc.', '4.3289227');
INSERT INTO stock (ticker, sharePrice, stockName, beta) VALUES ('ESIO', '648.49', 'Electro Scientific Industries, Inc.', '1.0338231');
INSERT INTO stock (ticker, sharePrice, stockName, beta) VALUES ('SEM', '138.25', 'Select Medical Holdings Corporation', '1.9635016');
INSERT INTO stock (ticker, sharePrice, stockName, beta) VALUES ('QABA', '630.7', 'First Trust NASDAQ ABA Community Bank Index Fund', '7.2335386');
INSERT INTO stock (ticker, sharePrice, stockName, beta) VALUES ('PYS', '87.34', 'PPlus Trust', '7.3466101');
INSERT INTO stock (ticker, sharePrice, stockName, beta) VALUES ('MVT', '431.4', 'Blackrock MuniVest Fund II, Inc.', '4.1751532');
INSERT INTO stock (ticker, sharePrice, stockName, beta) VALUES ('NEP', '24.2', 'NextEra Energy Partners, LP', '2.8843632');
INSERT INTO stock (ticker, sharePrice, stockName, beta) VALUES ('NS', '148.36', 'Nustar Energy L.P.', '6.1008366');
INSERT INTO stock (ticker, sharePrice, stockName, beta) VALUES ('RTIX', '164.38', 'RTI Surgical, Inc.', '1.3118697');
INSERT INTO stock (ticker, sharePrice, stockName, beta) VALUES ('WAGE', '450.21', 'WageWorks, Inc.', '5.3029854');
INSERT INTO stock (ticker, sharePrice, stockName, beta) VALUES ('CCLP', '660.31', 'CSI Compressco LP', '2.260133');
INSERT INTO stock (ticker, sharePrice, stockName, beta) VALUES ('BCTF', '745.91', 'Bancorp 34, Inc.', '6.5502734');
INSERT INTO stock (ticker, sharePrice, stockName, beta) VALUES ('SUI', '660.62', 'Sun Communities, Inc.', '6.4809828');
INSERT INTO stock (ticker, sharePrice, stockName, beta) VALUES ('FRSH', '601.26', 'Papa Murphys Holdings, Inc.', '3.6690681');
INSERT INTO stock (ticker, sharePrice, stockName, beta) VALUES ('HDB', '467.36', 'HDFC Bank Limited', '4.2470295');
INSERT INTO stock (ticker, sharePrice, stockName, beta) VALUES ('NOVT', '912.33', 'Novanta Inc.', '7.5534612');
INSERT INTO stock (ticker, sharePrice, stockName, beta) VALUES ('VVUS', '462.41', 'VIVUS, Inc.', '2.1333281');
INSERT INTO stock (ticker, sharePrice, stockName, beta) VALUES ('CZR', '954.73', 'Caesars Entertainment Corporation', '0.8699134');
INSERT INTO stock (ticker, sharePrice, stockName, beta) VALUES ('PAVM', '472.74', 'PAVmed Inc.', '3.9605863');
INSERT INTO stock (ticker, sharePrice, stockName, beta) VALUES ('DL', '943.57', 'China Distance Education Holdings Limited', '3.2062582');
INSERT INTO stock (ticker, sharePrice, stockName, beta) VALUES ('FN', '688.33', 'Fabrinet', '6.8380408');
INSERT INTO stock (ticker, sharePrice, stockName, beta) VALUES ('EZPW', '74.0', 'EZCORP, Inc.', '1.9961404');
INSERT INTO stock (ticker, sharePrice, stockName, beta) VALUES ('HDNG', '971.15', 'Hardinge Inc.', '5.2671768');
INSERT INTO stock (ticker, sharePrice, stockName, beta) VALUES ('PGJ', '255.64', 'PowerShares Golden Dragon China Portfolio', '3.0033934');
INSERT INTO stock (ticker, sharePrice, stockName, beta) VALUES ('BPL', '114.93', 'Buckeye Partners L.P.', '4.8090364');
INSERT INTO stock (ticker, sharePrice, stockName, beta) VALUES ('OVLY', '639.38', 'Oak Valley Bancorp (CA)', '2.612172');
INSERT INTO stock (ticker, sharePrice, stockName, beta) VALUES ('KWEB', '889.24', 'KraneShares CSI China Internet ETF', '1.8716271');
INSERT INTO stock (ticker, sharePrice, stockName, beta) VALUES ('KBWD', '864.89', 'PowerShares KBW High Dividend Yield Financial Portfolio', '6.4975598');
INSERT INTO stock (ticker, sharePrice, stockName, beta) VALUES ('SERV', '641.37', 'ServiceMaster Global Holdings, Inc.', '5.2230297');
INSERT INTO stock (ticker, sharePrice, stockName, beta) VALUES ('FEX', '230.08', 'First Trust Large Cap Core AlphaDEX Fund', '0.048751');
INSERT INTO stock (ticker, sharePrice, stockName, beta) VALUES ('GG', '671.82', 'Goldcorp Inc.', '5.2488097');
INSERT INTO stock (ticker, sharePrice, stockName, beta) VALUES ('MSBF', '474.51', 'MSB Financial Corp.', '2.1107877');
INSERT INTO stock (ticker, sharePrice, stockName, beta) VALUES ('TCBI', '276.89', 'Texas Capital Bancshares, Inc.', '0.328632');
INSERT INTO stock (ticker, sharePrice, stockName, beta) VALUES ('SGH', '695.32', 'SMART Global Holdings, Inc.', '2.0359705');
INSERT INTO notifications (notification_id, text, likes, timeCreated, firstViewedAt, lastViewedAt, viewedAtResponseTime, user_id) VALUES ('414', 'Maecenas pulvinar lobortis est. Phasellus sit amet erat.', '25', '2024-05-29 05:21:41', '2024-05-29 05:21:57', '2024-02-06 16:11:34', '19574', '6235');
INSERT INTO notifications (notification_id, text, likes, timeCreated, firstViewedAt, lastViewedAt, viewedAtResponseTime, user_id) VALUES ('439', 'Suspendisse potenti. Nullam porttitor lacus at turpis. Donec posuere metus vitae ipsum.', '32', '2024-06-09 13:47:18', '2024-06-09 13:47:41', '2024-07-03 12:52:20', '46437', '7767');
INSERT INTO notifications (notification_id, text, likes, timeCreated, firstViewedAt, lastViewedAt, viewedAtResponseTime, user_id) VALUES ('200', 'Duis bibendum, felis sed interdum venenatis, turpis enim blandit mi, in porttitor pede justo eu massa.', '4', '2024-01-18 19:32:46', '2024-01-18 19:33:09', '2024-02-25 11:42:21', '52139', '9580');
INSERT INTO notifications (notification_id, text, likes, timeCreated, firstViewedAt, lastViewedAt, viewedAtResponseTime, user_id) VALUES ('359', 'Curabitur convallis.', '19', '2024-06-21 12:11:11', '2024-06-21 12:11:37', '2024-03-19 17:21:27', '70827', '10576');
INSERT INTO notifications (notification_id, text, likes, timeCreated, firstViewedAt, lastViewedAt, viewedAtResponseTime, user_id) VALUES ('101', 'Mauris lacinia sapien quis libero. Nullam sit amet turpis elementum ligula vehicula consequat.', '40', '2023-08-18 05:26:46', '2023-08-18 05:27:16', '2023-11-13 23:36:56', '162755', '11186');
INSERT INTO notifications (notification_id, text, likes, timeCreated, firstViewedAt, lastViewedAt, viewedAtResponseTime, user_id) VALUES ('494', 'Morbi non quam nec dui luctus rutrum. Nulla tellus. In sagittis dui vel nisl.', '31', '2024-02-02 00:37:48', '2024-02-02 00:38:06', '2024-08-12 15:14:36', '193769', '3969');
INSERT INTO notifications (notification_id, text, likes, timeCreated, firstViewedAt, lastViewedAt, viewedAtResponseTime, user_id) VALUES ('498', 'Cras in purus eu magna vulputate luctus. Cum sociis natoque penatibus et magnis dis parturient montes, nascetur ridiculus mus. Vivamus vestibulum sagittis sapien.', '4', '2023-09-24 07:39:51', '2023-09-24 07:40:20', '2023-10-12 17:22:13', '185079', '1048');
INSERT INTO notifications (notification_id, text, likes, timeCreated, firstViewedAt, lastViewedAt, viewedAtResponseTime, user_id) VALUES ('287', 'Nulla neque libero, convallis eget, eleifend luctus, ultricies eu, nibh.', '11', '2023-10-25 04:26:13', '2023-10-25 04:26:30', '2023-10-01 22:39:44', '59988', '7573');
INSERT INTO notifications (notification_id, text, likes, timeCreated, firstViewedAt, lastViewedAt, viewedAtResponseTime, user_id) VALUES ('105', 'Nulla suscipit ligula in lacus.', '34', '2023-12-09 15:29:14', '2023-12-09 15:29:36', '2024-03-17 05:15:31', '134544', '1005');
INSERT INTO notifications (notification_id, text, likes, timeCreated, firstViewedAt, lastViewedAt, viewedAtResponseTime, user_id) VALUES ('238', 'Nullam varius. Nulla facilisi. Cras non velit nec nisi vulputate nonummy.', '31', '2024-05-30 17:03:05', '2024-05-30 17:03:30', '2024-02-27 00:56:19', '56564', '1048');
INSERT INTO notifications (notification_id, text, likes, timeCreated, firstViewedAt, lastViewedAt, viewedAtResponseTime, user_id) VALUES ('212', 'Curabitur in libero ut massa volutpat convallis.', '31', '2024-06-05 21:20:07', '2024-06-05 21:20:33', '2024-05-07 04:30:30', '182383', '2318');
INSERT INTO notifications (notification_id, text, likes, timeCreated, firstViewedAt, lastViewedAt, viewedAtResponseTime, user_id) VALUES ('100', 'Maecenas ut massa quis augue luctus tincidunt. Nulla mollis molestie lorem. Quisque ut erat.', '22', '2024-06-27 01:09:09', '2024-06-27 01:09:39', '2024-06-13 12:32:30', '150156', '2452');
INSERT INTO notifications (notification_id, text, likes, timeCreated, firstViewedAt, lastViewedAt, viewedAtResponseTime, user_id) VALUES ('53', 'In hac habitasse platea dictumst. Maecenas ut massa quis augue luctus tincidunt. Nulla mollis molestie lorem.', '35', '2024-07-02 15:15:19', '2024-07-02 15:15:39', '2023-08-14 09:19:32', '131343', '9612');
INSERT INTO notifications (notification_id, text, likes, timeCreated, firstViewedAt, lastViewedAt, viewedAtResponseTime, user_id) VALUES ('56', 'In tempor, turpis nec euismod scelerisque, quam turpis adipiscing lorem, vitae mattis nibh ligula nec sem. Duis aliquam convallis nunc. Proin at turpis a pede posuere nonummy.', '8', '2023-12-21 21:36:48', '2023-12-21 21:37:11', '2023-11-01 03:58:44', '75808', '8415');
INSERT INTO notifications (notification_id, text, likes, timeCreated, firstViewedAt, lastViewedAt, viewedAtResponseTime, user_id) VALUES ('469', 'Integer aliquet, massa id lobortis convallis, tortor risus dapibus augue, vel accumsan tellus nisi eu orci. Mauris lacinia sapien quis libero.', '32', '2023-09-03 10:22:22', '2023-09-03 10:22:52', '2024-01-05 11:37:20', '118413', '9997');
INSERT INTO notifications (notification_id, text, likes, timeCreated, firstViewedAt, lastViewedAt, viewedAtResponseTime, user_id) VALUES ('131', 'Sed vel enim sit amet nunc viverra dapibus. Nulla suscipit ligula in lacus. Curabitur at ipsum ac tellus semper interdum.', '12', '2024-04-28 11:09:06', '2024-04-28 11:09:26', '2024-04-01 19:18:16', '158971', '5601');
INSERT INTO notifications (notification_id, text, likes, timeCreated, firstViewedAt, lastViewedAt, viewedAtResponseTime, user_id) VALUES ('267', 'Morbi vestibulum, velit id pretium iaculis, diam erat fermentum justo, nec condimentum neque sapien placerat ante.', '30', '2024-05-06 16:47:56', '2024-05-06 16:48:17', '2023-11-24 00:41:35', '18498', '7939');
INSERT INTO notifications (notification_id, text, likes, timeCreated, firstViewedAt, lastViewedAt, viewedAtResponseTime, user_id) VALUES ('300', 'Suspendisse accumsan tortor quis turpis.', '7', '2024-06-24 23:34:40', '2024-06-24 23:35:07', '2024-06-29 09:54:44', '16915', '10822');
INSERT INTO notifications (notification_id, text, likes, timeCreated, firstViewedAt, lastViewedAt, viewedAtResponseTime, user_id) VALUES ('434', 'Suspendisse potenti. In eleifend quam a odio. In hac habitasse platea dictumst.', '17', '2024-06-18 20:47:42', '2024-06-18 20:48:03', '2023-12-26 04:05:36', '67482', '4883');
INSERT INTO notifications (notification_id, text, likes, timeCreated, firstViewedAt, lastViewedAt, viewedAtResponseTime, user_id) VALUES ('126', 'Duis ac nibh. Fusce lacus purus, aliquet at, feugiat non, pretium quis, lectus.', '0', '2023-11-25 14:42:40', '2023-11-25 14:43:09', '2024-05-11 20:52:42', '61185', '11321');
INSERT INTO notifications (notification_id, text, likes, timeCreated, firstViewedAt, lastViewedAt, viewedAtResponseTime, user_id) VALUES ('278', 'Nulla neque libero, convallis eget, eleifend luctus, ultricies eu, nibh. Quisque id justo sit amet sapien dignissim vestibulum. Vestibulum ante ipsum primis in faucibus orci luctus et ultrices posuere cubilia Curae; Nulla dapibus dolor vel est.', '11', '2024-05-04 21:53:10', '2024-05-04 21:53:31', '2024-01-13 10:33:53', '42415', '9612');
INSERT INTO notifications (notification_id, text, likes, timeCreated, firstViewedAt, lastViewedAt, viewedAtResponseTime, user_id) VALUES ('210', 'Nulla neque libero, convallis eget, eleifend luctus, ultricies eu, nibh. Quisque id justo sit amet sapien dignissim vestibulum.', '37', '2023-12-30 12:34:06', '2023-12-30 12:34:33', '2024-04-12 08:42:35', '116920', '3969');
INSERT INTO notifications (notification_id, text, likes, timeCreated, firstViewedAt, lastViewedAt, viewedAtResponseTime, user_id) VALUES ('484', 'In hac habitasse platea dictumst. Etiam faucibus cursus urna.', '20', '2023-09-06 17:03:56', '2023-09-06 17:04:12', '2024-08-04 21:38:17', '92150', '6235');
INSERT INTO notifications (notification_id, text, likes, timeCreated, firstViewedAt, lastViewedAt, viewedAtResponseTime, user_id) VALUES ('87', 'Nulla facilisi. Cras non velit nec nisi vulputate nonummy.', '25', '2024-01-10 19:09:20', '2024-01-10 19:09:45', '2024-01-17 23:06:57', '165355', '6235');
INSERT INTO notifications (notification_id, text, likes, timeCreated, firstViewedAt, lastViewedAt, viewedAtResponseTime, user_id) VALUES ('342', 'Donec dapibus. Duis at velit eu est congue elementum. In hac habitasse platea dictumst.', '10', '2024-03-14 16:06:19', '2024-03-14 16:06:50', '2023-09-12 22:59:31', '48421', '3969');
INSERT INTO notifications (notification_id, text, likes, timeCreated, firstViewedAt, lastViewedAt, viewedAtResponseTime, user_id) VALUES ('299', 'Duis aliquam convallis nunc. Proin at turpis a pede posuere nonummy. Integer non velit.', '6', '2024-04-22 15:45:20', '2024-04-22 15:45:43', '2023-11-30 20:17:39', '177978', '9708');
INSERT INTO notifications (notification_id, text, likes, timeCreated, firstViewedAt, lastViewedAt, viewedAtResponseTime, user_id) VALUES ('408', 'Donec dapibus. Duis at velit eu est congue elementum.', '7', '2023-10-31 08:34:47', '2023-10-31 08:35:09', '2024-06-16 04:38:46', '144880', '11321');
INSERT INTO notifications (notification_id, text, likes, timeCreated, firstViewedAt, lastViewedAt, viewedAtResponseTime, user_id) VALUES ('123', 'Maecenas ut massa quis augue luctus tincidunt. Nulla mollis molestie lorem.', '4', '2024-01-19 18:09:48', '2024-01-19 18:10:08', '2024-01-22 12:22:34', '135261', '6084');
INSERT INTO notifications (notification_id, text, likes, timeCreated, firstViewedAt, lastViewedAt, viewedAtResponseTime, user_id) VALUES ('183', 'Donec semper sapien a libero. Nam dui. Proin leo odio, porttitor id, consequat in, consequat ut, nulla.', '16', '2023-08-31 01:59:12', '2023-08-31 01:59:38', '2023-09-06 07:20:16', '192598', '3969');
INSERT INTO notifications (notification_id, text, likes, timeCreated, firstViewedAt, lastViewedAt, viewedAtResponseTime, user_id) VALUES ('226', 'Nulla tempus.', '6', '2024-01-17 18:44:57', '2024-01-17 18:45:14', '2024-04-06 07:49:58', '96973', '6887');
INSERT INTO notifications (notification_id, text, likes, timeCreated, firstViewedAt, lastViewedAt, viewedAtResponseTime, user_id) VALUES ('180', 'Ut tellus.', '16', '2024-05-26 10:20:48', '2024-05-26 10:21:06', '2024-04-09 03:03:40', '32983', '2425');
INSERT INTO notifications (notification_id, text, likes, timeCreated, firstViewedAt, lastViewedAt, viewedAtResponseTime, user_id) VALUES ('220', 'Integer non velit.', '13', '2023-09-16 18:43:17', '2023-09-16 18:43:33', '2024-01-09 07:12:49', '95953', '8415');
INSERT INTO notifications (notification_id, text, likes, timeCreated, firstViewedAt, lastViewedAt, viewedAtResponseTime, user_id) VALUES ('291', 'Cras pellentesque volutpat dui. Maecenas tristique, est et tempus semper, est quam pharetra magna, ac consequat metus sapien ut nunc.', '20', '2024-03-29 21:09:19', '2024-03-29 21:09:42', '2023-12-10 10:19:29', '183252', '11852');
INSERT INTO notifications (notification_id, text, likes, timeCreated, firstViewedAt, lastViewedAt, viewedAtResponseTime, user_id) VALUES ('487', 'Nunc purus. Phasellus in felis. Donec semper sapien a libero.', '2', '2024-05-04 00:45:51', '2024-05-04 00:46:15', '2023-12-07 21:12:03', '30148', '9379');
INSERT INTO notifications (notification_id, text, likes, timeCreated, firstViewedAt, lastViewedAt, viewedAtResponseTime, user_id) VALUES ('206', 'Nunc nisl. Duis bibendum, felis sed interdum venenatis, turpis enim blandit mi, in porttitor pede justo eu massa.', '5', '2024-05-16 09:57:26', '2024-05-16 09:57:42', '2024-08-02 00:29:22', '46986', '526');
INSERT INTO notifications (notification_id, text, likes, timeCreated, firstViewedAt, lastViewedAt, viewedAtResponseTime, user_id) VALUES ('66', 'Morbi quis tortor id nulla ultrices aliquet. Maecenas leo odio, condimentum id, luctus nec, molestie sed, justo.', '37', '2024-07-19 23:16:26', '2024-07-19 23:16:44', '2023-10-15 17:33:11', '168444', '7573');
INSERT INTO notifications (notification_id, text, likes, timeCreated, firstViewedAt, lastViewedAt, viewedAtResponseTime, user_id) VALUES ('72', 'In blandit ultrices enim. Lorem ipsum dolor sit amet, consectetuer adipiscing elit. Proin interdum mauris non ligula pellentesque ultrices.', '23', '2023-09-06 19:00:21', '2023-09-06 19:00:38', '2023-11-04 07:58:30', '56178', '7061');
INSERT INTO notifications (notification_id, text, likes, timeCreated, firstViewedAt, lastViewedAt, viewedAtResponseTime, user_id) VALUES ('217', 'Aenean auctor gravida sem. Praesent id massa id nisl venenatis lacinia.', '34', '2024-07-18 04:30:02', '2024-07-18 04:30:28', '2023-11-25 10:48:27', '51981', '5601');
INSERT INTO notifications (notification_id, text, likes, timeCreated, firstViewedAt, lastViewedAt, viewedAtResponseTime, user_id) VALUES ('86', 'Duis bibendum. Morbi non quam nec dui luctus rutrum.', '36', '2023-09-08 03:04:05', '2023-09-08 03:04:31', '2024-07-29 08:57:57', '37448', '10229');
INSERT INTO notifications (notification_id, text, likes, timeCreated, firstViewedAt, lastViewedAt, viewedAtResponseTime, user_id) VALUES ('344', 'Mauris ullamcorper purus sit amet nulla. Quisque arcu libero, rutrum ac, lobortis vel, dapibus at, diam.', '17', '2024-07-22 22:45:49', '2024-07-22 22:46:18', '2023-12-07 18:33:40', '105849', '928');
INSERT INTO userMetrics (user_metric_ID, dmStartTime, dmEndTime, mStartTime, mEndTime, activeUsers, user_id) VALUES ('1135', '2023-11-10 02:22:14', '2023-11-10 02:42:38', '2023-08-25 11:03:45', '2023-12-04 16:28:13', '21', '1005');
INSERT INTO userMetrics (user_metric_ID, dmStartTime, dmEndTime, mStartTime, mEndTime, activeUsers, user_id) VALUES ('800', '2024-04-30 10:09:03', '2024-04-30 10:23:30', '2024-07-01 06:20:17', '2024-05-30 15:58:10', '30', '7939');
INSERT INTO userMetrics (user_metric_ID, dmStartTime, dmEndTime, mStartTime, mEndTime, activeUsers, user_id) VALUES ('521', '2023-09-13 14:30:19', '2023-09-13 15:02:44', '2023-12-09 02:36:22', '2024-06-27 03:26:22', '17', '11321');
INSERT INTO userMetrics (user_metric_ID, dmStartTime, dmEndTime, mStartTime, mEndTime, activeUsers, user_id) VALUES ('1102', '2024-06-16 10:34:47', '2024-06-16 10:39:14', '2024-03-06 12:29:21', '2023-09-24 08:06:15', '35', '9379');
INSERT INTO userMetrics (user_metric_ID, dmStartTime, dmEndTime, mStartTime, mEndTime, activeUsers, user_id) VALUES ('802', '2024-04-30 18:43:02', '2024-04-30 19:25:19', '2023-11-07 14:48:31', '2023-10-23 14:02:17', '15', '10822');
INSERT INTO userMetrics (user_metric_ID, dmStartTime, dmEndTime, mStartTime, mEndTime, activeUsers, user_id) VALUES ('540', '2024-03-12 15:39:47', '2024-03-12 16:18:08', '2024-02-23 15:32:45', '2024-03-30 00:44:42', '25', '11321');
INSERT INTO userMetrics (user_metric_ID, dmStartTime, dmEndTime, mStartTime, mEndTime, activeUsers, user_id) VALUES ('57', '2023-12-01 05:37:53', '2023-12-01 06:14:16', '2024-07-08 20:40:09', '2023-10-13 18:26:37', '36', '3384');
INSERT INTO userMetrics (user_metric_ID, dmStartTime, dmEndTime, mStartTime, mEndTime, activeUsers, user_id) VALUES ('892', '2024-03-16 04:57:20', '2024-03-16 05:01:41', '2023-11-28 15:02:54', '2023-10-07 16:56:26', '40', '7192');
INSERT INTO userMetrics (user_metric_ID, dmStartTime, dmEndTime, mStartTime, mEndTime, activeUsers, user_id) VALUES ('560', '2024-03-28 11:06:41', '2024-03-28 11:16:05', '2023-10-12 13:55:48', '2024-01-27 07:41:57', '16', '4066');
INSERT INTO userMetrics (user_metric_ID, dmStartTime, dmEndTime, mStartTime, mEndTime, activeUsers, user_id) VALUES ('824', '2024-06-15 03:18:37', '2024-06-15 03:42:54', '2024-03-13 14:53:33', '2023-11-01 23:54:26', '7', '7061');
INSERT INTO userMetrics (user_metric_ID, dmStartTime, dmEndTime, mStartTime, mEndTime, activeUsers, user_id) VALUES ('421', '2023-11-02 07:00:26', '2023-11-02 07:07:52', '2023-12-12 15:07:12', '2024-06-28 12:03:03', '10', '11186');
INSERT INTO userMetrics (user_metric_ID, dmStartTime, dmEndTime, mStartTime, mEndTime, activeUsers, user_id) VALUES ('1051', '2023-12-12 12:55:06', '2023-12-12 13:20:26', '2023-11-21 12:07:42', '2024-02-29 11:18:52', '13', '9580');
INSERT INTO userMetrics (user_metric_ID, dmStartTime, dmEndTime, mStartTime, mEndTime, activeUsers, user_id) VALUES ('914', '2024-08-03 20:07:39', '2024-08-03 20:55:57', '2024-05-13 15:35:57', '2023-08-29 16:25:55', '34', '9612');
INSERT INTO userMetrics (user_metric_ID, dmStartTime, dmEndTime, mStartTime, mEndTime, activeUsers, user_id) VALUES ('226', '2024-04-09 05:12:38', '2024-04-09 05:47:55', '2024-08-12 03:40:28', '2024-04-16 06:57:46', '39', '2425');
INSERT INTO userMetrics (user_metric_ID, dmStartTime, dmEndTime, mStartTime, mEndTime, activeUsers, user_id) VALUES ('294', '2024-06-07 19:59:42', '2024-06-07 20:17:00', '2024-01-17 10:32:43', '2023-12-29 09:11:45', '3', '526');
INSERT INTO userMetrics (user_metric_ID, dmStartTime, dmEndTime, mStartTime, mEndTime, activeUsers, user_id) VALUES ('37', '2024-05-14 21:26:52', '2024-05-14 22:16:22', '2024-02-14 00:30:11', '2023-12-02 19:51:45', '20', '11437');
INSERT INTO userMetrics (user_metric_ID, dmStartTime, dmEndTime, mStartTime, mEndTime, activeUsers, user_id) VALUES ('911', '2024-01-05 20:00:16', '2024-01-05 20:46:43', '2023-10-07 01:15:57', '2023-12-09 06:23:15', '27', '2425');
INSERT INTO userMetrics (user_metric_ID, dmStartTime, dmEndTime, mStartTime, mEndTime, activeUsers, user_id) VALUES ('517', '2023-12-14 19:08:59', '2023-12-14 19:16:31', '2024-04-06 18:12:43', '2024-05-06 14:31:14', '17', '1048');
INSERT INTO userMetrics (user_metric_ID, dmStartTime, dmEndTime, mStartTime, mEndTime, activeUsers, user_id) VALUES ('1037', '2024-07-28 11:08:41', '2024-07-28 11:41:01', '2023-12-27 08:32:22', '2023-10-27 03:34:33', '14', '9612');
INSERT INTO userMetrics (user_metric_ID, dmStartTime, dmEndTime, mStartTime, mEndTime, activeUsers, user_id) VALUES ('767', '2023-10-19 10:58:47', '2023-10-19 11:39:07', '2023-09-02 15:58:24', '2023-12-09 05:53:15', '23', '7192');
INSERT INTO userMetrics (user_metric_ID, dmStartTime, dmEndTime, mStartTime, mEndTime, activeUsers, user_id) VALUES ('935', '2023-08-27 02:28:00', '2023-08-27 02:51:23', '2023-10-12 22:28:26', '2023-11-03 00:37:17', '29', '6235');
INSERT INTO userMetrics (user_metric_ID, dmStartTime, dmEndTime, mStartTime, mEndTime, activeUsers, user_id) VALUES ('924', '2023-11-19 07:57:24', '2023-11-19 08:38:49', '2024-02-04 10:47:12', '2023-09-16 01:53:44', '31', '1048');
INSERT INTO userMetrics (user_metric_ID, dmStartTime, dmEndTime, mStartTime, mEndTime, activeUsers, user_id) VALUES ('1104', '2023-09-24 07:03:43', '2023-09-24 07:20:03', '2023-09-26 05:45:08', '2023-08-20 14:34:14', '22', '1048');
INSERT INTO userMetrics (user_metric_ID, dmStartTime, dmEndTime, mStartTime, mEndTime, activeUsers, user_id) VALUES ('1173', '2024-04-16 08:28:41', '2024-04-16 08:46:08', '2023-10-17 23:12:45', '2024-08-03 23:15:49', '23', '10576');
INSERT INTO userMetrics (user_metric_ID, dmStartTime, dmEndTime, mStartTime, mEndTime, activeUsers, user_id) VALUES ('388', '2023-11-16 15:21:16', '2023-11-16 15:33:48', '2024-06-11 21:17:15', '2023-08-13 04:27:08', '3', '9708');
INSERT INTO userMetrics (user_metric_ID, dmStartTime, dmEndTime, mStartTime, mEndTime, activeUsers, user_id) VALUES ('327', '2024-02-09 13:29:04', '2024-02-09 14:03:30', '2023-12-18 04:54:40', '2024-03-06 02:30:52', '37', '2703');
INSERT INTO userMetrics (user_metric_ID, dmStartTime, dmEndTime, mStartTime, mEndTime, activeUsers, user_id) VALUES ('1219', '2024-04-19 17:04:57', '2024-04-19 17:45:18', '2024-08-08 23:08:12', '2024-06-09 06:27:18', '5', '1005');
INSERT INTO userMetrics (user_metric_ID, dmStartTime, dmEndTime, mStartTime, mEndTime, activeUsers, user_id) VALUES ('950', '2024-08-05 01:42:56', '2024-08-05 02:26:18', '2023-10-05 08:07:22', '2024-06-19 07:57:41', '20', '5601');
INSERT INTO userMetrics (user_metric_ID, dmStartTime, dmEndTime, mStartTime, mEndTime, activeUsers, user_id) VALUES ('1175', '2023-10-02 00:07:43', '2023-10-02 00:35:00', '2023-10-19 20:11:40', '2023-10-23 19:06:20', '40', '7767');
INSERT INTO userMetrics (user_metric_ID, dmStartTime, dmEndTime, mStartTime, mEndTime, activeUsers, user_id) VALUES ('922', '2023-11-12 04:31:51', '2023-11-12 04:43:13', '2024-04-04 09:49:11', '2024-01-30 09:58:40', '18', '6084');
INSERT INTO userMetrics (user_metric_ID, dmStartTime, dmEndTime, mStartTime, mEndTime, activeUsers, user_id) VALUES ('511', '2024-01-18 01:39:50', '2024-01-18 02:17:08', '2023-11-27 07:18:21', '2024-05-26 18:25:19', '34', '11437');
INSERT INTO userMetrics (user_metric_ID, dmStartTime, dmEndTime, mStartTime, mEndTime, activeUsers, user_id) VALUES ('1042', '2024-06-30 17:21:21', '2024-06-30 17:37:42', '2024-03-22 08:01:18', '2023-10-09 03:01:01', '35', '3969');
INSERT INTO userMetrics (user_metric_ID, dmStartTime, dmEndTime, mStartTime, mEndTime, activeUsers, user_id) VALUES ('1230', '2023-12-17 10:36:34', '2023-12-17 10:44:51', '2024-05-25 12:55:26', '2023-12-26 01:52:06', '22', '5601');
INSERT INTO userMetrics (user_metric_ID, dmStartTime, dmEndTime, mStartTime, mEndTime, activeUsers, user_id) VALUES ('1026', '2023-09-04 18:33:43', '2023-09-04 18:44:01', '2024-07-30 09:18:36', '2023-12-14 13:00:38', '24', '4883');
INSERT INTO userMetrics (user_metric_ID, dmStartTime, dmEndTime, mStartTime, mEndTime, activeUsers, user_id) VALUES ('684', '2023-09-22 16:17:39', '2023-09-22 16:28:55', '2023-10-28 20:53:39', '2024-05-03 18:44:28', '14', '4066');
INSERT INTO userMetrics (user_metric_ID, dmStartTime, dmEndTime, mStartTime, mEndTime, activeUsers, user_id) VALUES ('926', '2024-01-26 21:30:34', '2024-01-26 22:11:55', '2023-10-03 22:02:17', '2024-05-19 05:39:39', '31', '11437');
INSERT INTO userMetrics (user_metric_ID, dmStartTime, dmEndTime, mStartTime, mEndTime, activeUsers, user_id) VALUES ('692', '2023-08-30 11:04:28', '2023-08-30 11:52:53', '2024-01-21 03:53:40', '2024-02-26 16:10:39', '5', '9379');
INSERT INTO userMetrics (user_metric_ID, dmStartTime, dmEndTime, mStartTime, mEndTime, activeUsers, user_id) VALUES ('385', '2024-07-10 14:34:54', '2024-07-10 15:08:16', '2023-08-13 22:00:38', '2023-12-29 05:30:00', '34', '928');
INSERT INTO userMetrics (user_metric_ID, dmStartTime, dmEndTime, mStartTime, mEndTime, activeUsers, user_id) VALUES ('642', '2024-06-08 01:29:37', '2024-06-08 01:33:05', '2023-10-21 21:49:21', '2023-08-13 22:06:22', '38', '7192');
INSERT INTO userMetrics (user_metric_ID, dmStartTime, dmEndTime, mStartTime, mEndTime, activeUsers, user_id) VALUES ('669', '2024-03-27 12:00:21', '2024-03-27 12:20:43', '2023-11-26 18:42:52', '2024-01-30 09:39:29', '5', '1005');
INSERT INTO employees (employee_id, f_name, l_name, city, start_date, dob, user_metric_id) VALUES ('33', 'Sarine', 'Keough', 'Timon', '2023-08-28 13:10:18', '1996-10-13 13:21:39', '1173');
INSERT INTO employees (employee_id, f_name, l_name, city, start_date, dob, user_metric_id) VALUES ('8', 'Melantha', 'Littrik', 'Meiyuan', '2024-01-18 06:08:48', '1995-01-17 11:06:13', '1173');
INSERT INTO employees (employee_id, f_name, l_name, city, start_date, dob, user_metric_id) VALUES ('42', 'Rhonda', 'Dives', 'Chok Chai', '2023-11-12 10:41:32', '1989-07-27 15:52:29', '1042');
INSERT INTO employees (employee_id, f_name, l_name, city, start_date, dob, user_metric_id) VALUES ('80', 'King', 'Drohun', 'Drzewica', '2024-03-20 14:57:04', '1995-07-02 21:43:43', '1026');
INSERT INTO employees (employee_id, f_name, l_name, city, start_date, dob, user_metric_id) VALUES ('12', 'Peyton', 'Bolgar', 'Pangkalan', '2024-05-17 19:06:03', '1997-09-29 00:17:30', '800');
INSERT INTO employees (employee_id, f_name, l_name, city, start_date, dob, user_metric_id) VALUES ('13', 'Garek', 'Strooband', 'Aleksandrovac', '2024-05-25 18:06:58', '1984-10-11 20:45:33', '1026');
INSERT INTO employees (employee_id, f_name, l_name, city, start_date, dob, user_metric_id) VALUES ('14', 'Florry', 'Jime', 'Ryazanskiy', '2024-04-23 03:17:54', '1992-05-26 19:40:24', '540');
INSERT INTO employees (employee_id, f_name, l_name, city, start_date, dob, user_metric_id) VALUES ('134', 'Ronny', 'Sherbourne', 'Nanton', '2023-12-12 03:27:53', '1980-07-07 00:06:18', '294');
INSERT INTO employees (employee_id, f_name, l_name, city, start_date, dob, user_metric_id) VALUES ('29', 'Leonore', 'Callum', 'Ruo', '2024-08-01 17:40:01', '1996-12-12 14:46:53', '684');
INSERT INTO employees (employee_id, f_name, l_name, city, start_date, dob, user_metric_id) VALUES ('79', 'Otha', 'Arnold', 'Wang Noi', '2023-12-09 18:03:11', '1984-03-06 00:45:37', '226');
INSERT INTO employees (employee_id, f_name, l_name, city, start_date, dob, user_metric_id) VALUES ('43', 'Erl', 'Hartlebury', 'Agbor', '2023-10-23 10:27:01', '1998-05-09 04:03:39', '1051');
INSERT INTO employees (employee_id, f_name, l_name, city, start_date, dob, user_metric_id) VALUES ('62', 'Wade', 'Chatfield', 'Mosjen', '2024-04-05 22:24:54', '1984-11-13 02:20:10', '1135');
INSERT INTO employees (employee_id, f_name, l_name, city, start_date, dob, user_metric_id) VALUES ('87', 'Teodora', 'Van Oord', 'Mitsukaid', '2023-08-21 13:09:21', '1990-06-28 11:09:30', '926');
INSERT INTO employees (employee_id, f_name, l_name, city, start_date, dob, user_metric_id) VALUES ('22', 'Liva', 'Basil', 'Huiwan', '2024-03-27 20:48:29', '1987-12-20 01:01:37', '935');
INSERT INTO employees (employee_id, f_name, l_name, city, start_date, dob, user_metric_id) VALUES ('209', 'Fenelia', 'Bampkin', 'Harbour Breton', '2024-04-07 03:58:10', '1984-06-29 09:09:58', '540');
INSERT INTO employees (employee_id, f_name, l_name, city, start_date, dob, user_metric_id) VALUES ('71', 'Edan', 'Wem', 'Cuauhtemoc', '2023-08-28 08:37:13', '1980-06-11 18:54:59', '935');
INSERT INTO employees (employee_id, f_name, l_name, city, start_date, dob, user_metric_id) VALUES ('48', 'Xerxes', 'Harner', 'Ipauu', '2024-07-01 15:13:09', '1989-03-13 11:35:39', '767');
INSERT INTO employees (employee_id, f_name, l_name, city, start_date, dob, user_metric_id) VALUES ('99', 'Franchot', 'Vassman', 'Mataquescuintla', '2024-01-10 00:24:45', '1994-12-22 04:26:17', '802');
INSERT INTO employees (employee_id, f_name, l_name, city, start_date, dob, user_metric_id) VALUES ('52', 'Nyssa', 'Scanterbury', 'Gaozhuang', '2024-03-02 13:34:57', '1995-03-09 12:49:37', '511');
INSERT INTO employees (employee_id, f_name, l_name, city, start_date, dob, user_metric_id) VALUES ('10', 'Winn', 'Henrys', 'Sawo', '2023-10-15 17:54:29', '1982-06-02 05:46:16', '421');
INSERT INTO employees (employee_id, f_name, l_name, city, start_date, dob, user_metric_id) VALUES ('26', 'Raleigh', 'Weall', 'eany nad Labem', '2023-11-28 16:28:02', '1990-11-10 10:02:57', '926');
INSERT INTO employees (employee_id, f_name, l_name, city, start_date, dob, user_metric_id) VALUES ('278', 'Lilas', 'Easterby', 'Skomielna Czarna', '2024-06-02 16:49:14', '1984-10-10 07:01:12', '914');
INSERT INTO employees (employee_id, f_name, l_name, city, start_date, dob, user_metric_id) VALUES ('154', 'Arlyne', 'Linch', 'Cholet', '2024-03-29 17:27:59', '1986-06-05 11:58:37', '926');
INSERT INTO employees (employee_id, f_name, l_name, city, start_date, dob, user_metric_id) VALUES ('58', 'Martynne', 'Arington', 'Simpanganduwet', '2024-06-06 01:02:46', '1983-12-03 10:15:40', '692');
INSERT INTO employees (employee_id, f_name, l_name, city, start_date, dob, user_metric_id) VALUES ('57', 'Bonni', 'Jedrzej', 'Kesugihan', '2024-01-24 15:08:44', '1983-07-21 03:24:21', '669');
INSERT INTO employees (employee_id, f_name, l_name, city, start_date, dob, user_metric_id) VALUES ('993', 'Jamie', 'Spillman', 'Bli', '2023-11-10 09:40:21', '1990-05-26 03:17:14', '294');
INSERT INTO employees (employee_id, f_name, l_name, city, start_date, dob, user_metric_id) VALUES ('59', 'Donni', 'Point', 'Guadalupe', '2023-09-26 22:41:42', '1995-06-26 06:41:03', '1026');
INSERT INTO employees (employee_id, f_name, l_name, city, start_date, dob, user_metric_id) VALUES ('50', 'Abigail', 'Vise', 'Ozatln', '2024-07-13 21:56:06', '1998-04-19 13:34:42', '388');
INSERT INTO employees (employee_id, f_name, l_name, city, start_date, dob, user_metric_id) VALUES ('65', 'Ric', 'Coldridge', 'Shaliangzi', '2024-02-04 21:39:03', '1987-01-03 03:37:04', '226');
INSERT INTO employees (employee_id, f_name, l_name, city, start_date, dob, user_metric_id) VALUES ('21', 'Edlin', 'Ewert', 'Abha', '2024-01-14 23:07:08', '1997-08-28 12:05:52', '802');
INSERT INTO employees (employee_id, f_name, l_name, city, start_date, dob, user_metric_id) VALUES ('15', 'Tammy', 'Huggard', 'Lal', '2023-09-09 16:50:42', '1996-01-28 15:25:07', '669');
INSERT INTO employees (employee_id, f_name, l_name, city, start_date, dob, user_metric_id) VALUES ('97', 'Jamil', 'Sandaver', 'Caracol', '2023-10-25 02:15:44', '1985-03-14 05:58:06', '800');
INSERT INTO employees (employee_id, f_name, l_name, city, start_date, dob, user_metric_id) VALUES ('96', 'Ginny', 'Fairbard', 'Samashki', '2024-06-29 08:19:13', '1981-05-20 03:58:32', '517');
INSERT INTO employees (employee_id, f_name, l_name, city, start_date, dob, user_metric_id) VALUES ('8437', 'Merwyn', 'Harkins', 'Begejci', '2024-03-02 09:40:46', '1984-08-19 23:03:02', '37');
INSERT INTO employees (employee_id, f_name, l_name, city, start_date, dob, user_metric_id) VALUES ('43312', 'Ginni', 'Jeal', 'Washington', '2023-10-16 19:14:39', '1989-05-20 01:48:30', '950');
INSERT INTO employees (employee_id, f_name, l_name, city, start_date, dob, user_metric_id) VALUES ('5', 'Artemus', 'Barnshaw', 'Cernik', '2024-08-12 01:36:21', '1985-06-28 11:34:41', '540');
INSERT INTO employees (employee_id, f_name, l_name, city, start_date, dob, user_metric_id) VALUES ('1032', 'Elmo', 'Benkhe', 'Dianfang', '2023-09-25 15:22:36', '1980-01-28 00:18:41', '767');
INSERT INTO employees (employee_id, f_name, l_name, city, start_date, dob, user_metric_id) VALUES ('47', 'Barbi', 'Corley', 'Cumadcad', '2024-05-18 16:48:36', '1992-10-19 08:56:02', '935');
INSERT INTO employees (employee_id, f_name, l_name, city, start_date, dob, user_metric_id) VALUES ('77', 'Winonah', 'MQuharg', 'Rybnoye', '2023-10-08 21:29:54', '1994-03-16 19:43:44', '926');
INSERT INTO employees (employee_id, f_name, l_name, city, start_date, dob, user_metric_id) VALUES ('2998', 'Ezri', 'Scambler', 'Xunhe', '2024-03-04 13:31:00', '1988-11-21 04:02:13', '57');
INSERT INTO portfolioStocks (portfolio_id, ticker) VALUES (788419, 'SEM');
INSERT INTO portfolioStocks (portfolio_id, ticker) VALUES (341724, 'SGH');
INSERT INTO portfolioStocks (portfolio_id, ticker) VALUES (569110, 'IMMY');
INSERT INTO portfolioStocks (portfolio_id, ticker) VALUES (730368, 'IMMY');
INSERT INTO portfolioStocks (portfolio_id, ticker) VALUES (341724, 'PAVM');
INSERT INTO portfolioStocks (portfolio_id, ticker) VALUES (730368, 'GG');
INSERT INTO portfolioStocks (portfolio_id, ticker) VALUES (714764, 'RTIX');
INSERT INTO portfolioStocks (portfolio_id, ticker) VALUES (664526, 'SFBS');
INSERT INTO portfolioStocks (portfolio_id, ticker) VALUES (793861, 'NYMTP');
INSERT INTO portfolioStocks (portfolio_id, ticker) VALUES (476429, 'QABA');
INSERT INTO portfolioStocks (portfolio_id, ticker) VALUES (970969, 'BCTF');
INSERT INTO portfolioStocks (portfolio_id, ticker) VALUES (936884, 'NEP');
INSERT INTO portfolioStocks (portfolio_id, ticker) VALUES (410746, 'PFD');
INSERT INTO portfolioStocks (portfolio_id, ticker) VALUES (918148, 'CCLP');
INSERT INTO portfolioStocks (portfolio_id, ticker) VALUES (825852, 'MVT');
INSERT INTO portfolioStocks (portfolio_id, ticker) VALUES (1096791, 'BPL');
INSERT INTO portfolioStocks (portfolio_id, ticker) VALUES (410813, 'OVLY');
INSERT INTO portfolioStocks (portfolio_id, ticker) VALUES (963338, 'ESIO');
INSERT INTO portfolioStocks (portfolio_id, ticker) VALUES (333165, 'NGHCN');
INSERT INTO portfolioStocks (portfolio_id, ticker) VALUES (287759, 'MSBF');
INSERT INTO portfolioStocks (portfolio_id, ticker) VALUES (115072, 'SUI');
INSERT INTO portfolioStocks (portfolio_id, ticker) VALUES (440235, 'DL');
INSERT INTO portfolioStocks (portfolio_id, ticker) VALUES (644119, 'PYS');
INSERT INTO portfolioStocks (portfolio_id, ticker) VALUES (240574, 'FN');
INSERT INTO portfolioStocks (portfolio_id, ticker) VALUES (542532, 'KWEB');
INSERT INTO portfolioStocks (portfolio_id, ticker) VALUES (980967, 'NOVT');
INSERT INTO portfolioStocks (portfolio_id, ticker) VALUES (610232, 'KBWD');
INSERT INTO portfolioStocks (portfolio_id, ticker) VALUES (457438, 'RCON');
INSERT INTO portfolioStocks (portfolio_id, ticker) VALUES (552434, 'TOO');
INSERT INTO portfolioStocks (portfolio_id, ticker) VALUES (950803, 'HDB');
INSERT INTO portfolioStocks (portfolio_id, ticker) VALUES (335372, 'HDNG');
INSERT INTO portfolioStocks (portfolio_id, ticker) VALUES (453240, 'FEX');
INSERT INTO portfolioStocks (portfolio_id, ticker) VALUES (321698, 'CZR');
INSERT INTO portfolioStocks (portfolio_id, ticker) VALUES (590373, 'TCBI');
INSERT INTO portfolioStocks (portfolio_id, ticker) VALUES (594738, 'NS');
INSERT INTO portfolioStocks (portfolio_id, ticker) VALUES (215037, 'FRSH');
INSERT INTO portfolioStocks (portfolio_id, ticker) VALUES (712250, 'WAGE');
INSERT INTO portfolioStocks (portfolio_id, ticker) VALUES (923446, 'PGJ');
INSERT INTO portfolioStocks (portfolio_id, ticker) VALUES (649352, 'SERV');
INSERT INTO portfolioStocks (portfolio_id, ticker) VALUES (596999, 'VVUS');
INSERT INTO portfolioStocks (portfolio_id, ticker) VALUES (590373, 'VVUS');
INSERT INTO portfolioStocks (portfolio_id, ticker) VALUES (552434, 'SGH');
INSERT INTO portfolioStocks (portfolio_id, ticker) VALUES (169134, 'HDNG');
INSERT INTO portfolioStocks (portfolio_id, ticker) VALUES (542532, 'MVT');
INSERT INTO portfolioStocks (portfolio_id, ticker) VALUES (476429, 'ESIO');
INSERT INTO portfolioStocks (portfolio_id, ticker) VALUES (664526, 'NS');
INSERT INTO portfolioStocks (portfolio_id, ticker) VALUES (1096791, 'SERV');
INSERT INTO portfolioStocks (portfolio_id, ticker) VALUES (936884, 'IMMY');
INSERT INTO portfolioStocks (portfolio_id, ticker) VALUES (712250, 'PAVM');
INSERT INTO portfolioStocks (portfolio_id, ticker) VALUES (963338, 'VVUS');
INSERT INTO portfolioStocks (portfolio_id, ticker) VALUES (644119, 'HDB');
INSERT INTO portfolioStocks (portfolio_id, ticker) VALUES (596999, 'CZR');
INSERT INTO portfolioStocks (portfolio_id, ticker) VALUES (918148, 'FN');
INSERT INTO portfolioStocks (portfolio_id, ticker) VALUES (793861, 'TOO');
INSERT INTO portfolioStocks (portfolio_id, ticker) VALUES (980967, 'KWEB');
INSERT INTO portfolioStocks (portfolio_id, ticker) VALUES (215037, 'PYS');
INSERT INTO portfolioStocks (portfolio_id, ticker) VALUES (287759, 'FRSH');
INSERT INTO portfolioStocks (portfolio_id, ticker) VALUES (287759, 'KBWD');
INSERT INTO portfolioStocks (portfolio_id, ticker) VALUES (714764, 'BPL');
INSERT INTO portfolioStocks (portfolio_id, ticker) VALUES (335372, 'NYMTP');
INSERT INTO portfolioStocks (portfolio_id, ticker) VALUES (410813, 'SUI');
INSERT INTO portfolioStocks (portfolio_id, ticker) VALUES (825852, 'NOVT');
INSERT INTO portfolioStocks (portfolio_id, ticker) VALUES (440235, 'OVLY');
INSERT INTO portfolioStocks (portfolio_id, ticker) VALUES (649352, 'QABA');
INSERT INTO portfolioStocks (portfolio_id, ticker) VALUES (457438, 'NEP');
INSERT INTO portfolioStocks (portfolio_id, ticker) VALUES (440235, 'FEX');
INSERT INTO portfolioStocks (portfolio_id, ticker) VALUES (950803, 'DL');
INSERT INTO portfolioStocks (portfolio_id, ticker) VALUES (115072, 'PGJ');
INSERT INTO portfolioStocks (portfolio_id, ticker) VALUES (240574, 'GG');
INSERT INTO portfolioStocks (portfolio_id, ticker) VALUES (410746, 'MSBF');
INSERT INTO portfolioStocks (portfolio_id, ticker) VALUES (410746, 'NGHCN');
INSERT INTO portfolioStocks (portfolio_id, ticker) VALUES (788419, 'BCTF');
INSERT INTO portfolioStocks (portfolio_id, ticker) VALUES (923446, 'RCON');
INSERT INTO portfolioStocks (portfolio_id, ticker) VALUES (341724, 'EZPW');
INSERT INTO portfolioStocks (portfolio_id, ticker) VALUES (569110, 'PFD');
INSERT INTO portfolioStocks (portfolio_id, ticker) VALUES (970969, 'CCLP');
INSERT INTO portfolioStocks (portfolio_id, ticker) VALUES (730368, 'SFBS');
INSERT INTO portfolioStocks (portfolio_id, ticker) VALUES (594738, 'TCBI');
INSERT INTO portfolioStocks (portfolio_id, ticker) VALUES (321698, 'RTIX');
INSERT INTO portfolioStocks (portfolio_id, ticker) VALUES (918148, 'SEM');
INSERT INTO portfolioStocks (portfolio_id, ticker) VALUES (918148, 'NEP');
INSERT INTO portfolioStocks (portfolio_id, ticker) VALUES (649352, 'FN');
INSERT INTO portfolioStocks (portfolio_id, ticker) VALUES (333165, 'KWEB');
INSERT INTO portfolioStocks (portfolio_id, ticker) VALUES (596999, 'FEX');
INSERT INTO portfolioStocks (portfolio_id, ticker) VALUES (980967, 'DL');
INSERT INTO portfolioStocks (portfolio_id, ticker) VALUES (970969, 'QABA');
INSERT INTO portfolioStocks (portfolio_id, ticker) VALUES (457438, 'FRSH');
INSERT INTO portfolioStocks (portfolio_id, ticker) VALUES (440235, 'PGJ');
INSERT INTO portfolioStocks (portfolio_id, ticker) VALUES (321698, 'WAGE');
INSERT INTO portfolioStocks (portfolio_id, ticker) VALUES (963338, 'NGHCN');
INSERT INTO portfolioStocks (portfolio_id, ticker) VALUES (923446, 'SGH');
INSERT INTO portfolioStocks (portfolio_id, ticker) VALUES (453240, 'NOVT');
INSERT INTO portfolioStocks (portfolio_id, ticker) VALUES (240574, 'TCBI');
INSERT INTO portfolioStocks (portfolio_id, ticker) VALUES (950803, 'BCTF');
INSERT INTO portfolioStocks (portfolio_id, ticker) VALUES (664526, 'PFD');
INSERT INTO portfolioStocks (portfolio_id, ticker) VALUES (410813, 'TOO');
INSERT INTO portfolioStocks (portfolio_id, ticker) VALUES (596999, 'MVT');
INSERT INTO portfolioStocks (portfolio_id, ticker) VALUES (596999, 'PYS');
INSERT INTO portfolioStocks (portfolio_id, ticker) VALUES (596999, 'SFBS');
INSERT INTO portfolioStocks (portfolio_id, ticker) VALUES (596999, 'SUI');
INSERT INTO portfolioStocks (portfolio_id, ticker) VALUES (220, 'TOO');
INSERT INTO portfolioStocks (portfolio_id, ticker) VALUES (220, 'MVT');
INSERT INTO portfolioStocks (portfolio_id, ticker) VALUES (220, 'PYS');
INSERT INTO portfolioStocks (portfolio_id, ticker) VALUES (220, 'SFBS');
INSERT INTO portfolioStocks (portfolio_id, ticker) VALUES (220, 'SUI');
INSERT INTO portfolioStocks (portfolio_id, ticker) VALUES (825, 'BCTF');
INSERT INTO portfolioStocks (portfolio_id, ticker) VALUES (825, 'RCON');
INSERT INTO portfolioStocks (portfolio_id, ticker) VALUES (825, 'EZPW');
INSERT INTO portfolioStocks (portfolio_id, ticker) VALUES (825, 'PFD');
INSERT INTO portfolioStocks (portfolio_id, ticker) VALUES (825, 'CCLP');
INSERT INTO portfolioStocks (portfolio_id, ticker) VALUES (825, 'SFBS');
INSERT INTO portfolioStocks (portfolio_id, ticker) VALUES (2320, 'QABA');
INSERT INTO portfolioStocks (portfolio_id, ticker) VALUES (2320, 'FRSH');
INSERT INTO portfolioStocks (portfolio_id, ticker) VALUES (2320, 'PGJ');
INSERT INTO portfolioStocks (portfolio_id, ticker) VALUES (2320, 'WAGE');
INSERT INTO portfolioStocks (portfolio_id, ticker) VALUES (2320, 'NGHCN');
INSERT INTO dashboardNotifications (notification_id, dashboard_feed_id) VALUES (359, 689);
INSERT INTO dashboardNotifications (notification_id, dashboard_feed_id) VALUES (498, 876);
INSERT INTO dashboardNotifications (notification_id, dashboard_feed_id) VALUES (220, 74);
INSERT INTO dashboardNotifications (notification_id, dashboard_feed_id) VALUES (72, 685);
INSERT INTO dashboardNotifications (notification_id, dashboard_feed_id) VALUES (484, 270);
INSERT INTO dashboardNotifications (notification_id, dashboard_feed_id) VALUES (212, 310);
INSERT INTO dashboardNotifications (notification_id, dashboard_feed_id) VALUES (439, 825);
INSERT INTO dashboardNotifications (notification_id, dashboard_feed_id) VALUES (100, 223);
INSERT INTO dashboardNotifications (notification_id, dashboard_feed_id) VALUES (469, 51);
INSERT INTO dashboardNotifications (notification_id, dashboard_feed_id) VALUES (267, 731);
INSERT INTO dashboardNotifications (notification_id, dashboard_feed_id) VALUES (278, 468);
INSERT INTO dashboardNotifications (notification_id, dashboard_feed_id) VALUES (434, 798);
INSERT INTO dashboardNotifications (notification_id, dashboard_feed_id) VALUES (56, 112);
INSERT INTO dashboardNotifications (notification_id, dashboard_feed_id) VALUES (183, 335);
INSERT INTO dashboardNotifications (notification_id, dashboard_feed_id) VALUES (126, 689);
INSERT INTO dashboardNotifications (notification_id, dashboard_feed_id) VALUES (299, 87);
INSERT INTO dashboardNotifications (notification_id, dashboard_feed_id) VALUES (487, 273);
INSERT INTO dashboardNotifications (notification_id, dashboard_feed_id) VALUES (291, 740);
INSERT INTO dashboardNotifications (notification_id, dashboard_feed_id) VALUES (287, 319);
INSERT INTO dashboardNotifications (notification_id, dashboard_feed_id) VALUES (100, 398);
INSERT INTO dashboardNotifications (notification_id, dashboard_feed_id) VALUES (300, 753);
INSERT INTO dashboardNotifications (notification_id, dashboard_feed_id) VALUES (212, 936);
INSERT INTO dashboardNotifications (notification_id, dashboard_feed_id) VALUES (238, 654);
INSERT INTO dashboardNotifications (notification_id, dashboard_feed_id) VALUES (267, 277);
INSERT INTO dashboardNotifications (notification_id, dashboard_feed_id) VALUES (101, 154);
INSERT INTO dashboardNotifications (notification_id, dashboard_feed_id) VALUES (180, 205);
INSERT INTO dashboardNotifications (notification_id, dashboard_feed_id) VALUES (105, 67);
INSERT INTO dashboardNotifications (notification_id, dashboard_feed_id) VALUES (53, 948);
INSERT INTO dashboardNotifications (notification_id, dashboard_feed_id) VALUES (210, 195);
INSERT INTO dashboardNotifications (notification_id, dashboard_feed_id) VALUES (344, 911);
INSERT INTO dashboardNotifications (notification_id, dashboard_feed_id) VALUES (200, 399);
INSERT INTO dashboardNotifications (notification_id, dashboard_feed_id) VALUES (414, 984);
INSERT INTO dashboardNotifications (notification_id, dashboard_feed_id) VALUES (66, 559);
INSERT INTO dashboardNotifications (notification_id, dashboard_feed_id) VALUES (226, 250);
INSERT INTO dashboardNotifications (notification_id, dashboard_feed_id) VALUES (131, 477);
INSERT INTO dashboardNotifications (notification_id, dashboard_feed_id) VALUES (206, 975);
INSERT INTO dashboardNotifications (notification_id, dashboard_feed_id) VALUES (408, 313);
INSERT INTO dashboardNotifications (notification_id, dashboard_feed_id) VALUES (86, 630);
INSERT INTO dashboardNotifications (notification_id, dashboard_feed_id) VALUES (87, 923);
INSERT INTO dashboardNotifications (notification_id, dashboard_feed_id) VALUES (494, 555);
INSERT INTO dashboardNotifications (notification_id, dashboard_feed_id) VALUES (484, 753);
INSERT INTO dashboardNotifications (notification_id, dashboard_feed_id) VALUES (226, 975);
INSERT INTO dashboardNotifications (notification_id, dashboard_feed_id) VALUES (212, 876);
INSERT INTO dashboardNotifications (notification_id, dashboard_feed_id) VALUES (206, 112);
INSERT INTO dashboardNotifications (notification_id, dashboard_feed_id) VALUES (66, 936);
INSERT INTO dashboardNotifications (notification_id, dashboard_feed_id) VALUES (287, 689);
INSERT INTO dashboardNotifications (notification_id, dashboard_feed_id) VALUES (238, 468);
INSERT INTO dashboardNotifications (notification_id, dashboard_feed_id) VALUES (439, 911);
INSERT INTO dashboardNotifications (notification_id, dashboard_feed_id) VALUES (494, 399);
INSERT INTO dashboardNotifications (notification_id, dashboard_feed_id) VALUES (291, 310);
INSERT INTO dashboardNotifications (notification_id, dashboard_feed_id) VALUES (131, 923);
INSERT INTO dashboardNotifications (notification_id, dashboard_feed_id) VALUES (200, 984);
INSERT INTO dashboardNotifications (notification_id, dashboard_feed_id) VALUES (414, 689);
INSERT INTO dashboardNotifications (notification_id, dashboard_feed_id) VALUES (299, 205);
INSERT INTO dashboardNotifications (notification_id, dashboard_feed_id) VALUES (498, 555);
INSERT INTO dashboardNotifications (notification_id, dashboard_feed_id) VALUES (267, 798);
INSERT INTO dashboardNotifications (notification_id, dashboard_feed_id) VALUES (408, 630);
INSERT INTO dashboardNotifications (notification_id, dashboard_feed_id) VALUES (434, 154);
INSERT INTO dashboardNotifications (notification_id, dashboard_feed_id) VALUES (53, 319);
INSERT INTO dashboardNotifications (notification_id, dashboard_feed_id) VALUES (105, 223);
INSERT INTO dashboardNotifications (notification_id, dashboard_feed_id) VALUES (72, 67);
INSERT INTO dashboardNotifications (notification_id, dashboard_feed_id) VALUES (183, 250);
INSERT INTO dashboardNotifications (notification_id, dashboard_feed_id) VALUES (344, 270);
INSERT INTO dashboardNotifications (notification_id, dashboard_feed_id) VALUES (212, 477);
INSERT INTO dashboardNotifications (notification_id, dashboard_feed_id) VALUES (101, 313);
INSERT INTO dashboardNotifications (notification_id, dashboard_feed_id) VALUES (359, 87);
INSERT INTO dashboardNotifications (notification_id, dashboard_feed_id) VALUES (100, 731);
INSERT INTO dashboardNotifications (notification_id, dashboard_feed_id) VALUES (469, 685);
INSERT INTO dashboardNotifications (notification_id, dashboard_feed_id) VALUES (278, 273);
INSERT INTO dashboardNotifications (notification_id, dashboard_feed_id) VALUES (300, 398);
INSERT INTO dashboardNotifications (notification_id, dashboard_feed_id) VALUES (487, 559);
INSERT INTO dashboardNotifications (notification_id, dashboard_feed_id) VALUES (126, 740);
INSERT INTO dashboardNotifications (notification_id, dashboard_feed_id) VALUES (220, 948);
INSERT INTO dashboardNotifications (notification_id, dashboard_feed_id) VALUES (86, 654);
INSERT INTO dashboardNotifications (notification_id, dashboard_feed_id) VALUES (180, 825);
INSERT INTO dashboardNotifications (notification_id, dashboard_feed_id) VALUES (210, 51);
INSERT INTO dashboardNotifications (notification_id, dashboard_feed_id) VALUES (100, 74);
INSERT INTO dashboardNotifications (notification_id, dashboard_feed_id) VALUES (87, 277);
INSERT INTO dashboardNotifications (notification_id, dashboard_feed_id) VALUES (267, 335);
INSERT INTO dashboardNotifications (notification_id, dashboard_feed_id) VALUES (56, 195);
INSERT INTO dashboardNotifications (notification_id, dashboard_feed_id) VALUES (100, 277);
INSERT INTO dashboardNotifications (notification_id, dashboard_feed_id) VALUES (212, 798);
INSERT INTO dashboardNotifications (notification_id, dashboard_feed_id) VALUES (180, 112);
INSERT INTO dashboardNotifications (notification_id, dashboard_feed_id) VALUES (66, 273);
INSERT INTO dashboardNotifications (notification_id, dashboard_feed_id) VALUES (469, 398);
INSERT INTO dashboardNotifications (notification_id, dashboard_feed_id) VALUES (299, 74);
INSERT INTO dashboardNotifications (notification_id, dashboard_feed_id) VALUES (56, 984);
INSERT INTO dashboardNotifications (notification_id, dashboard_feed_id) VALUES (72, 731);
INSERT INTO dashboardNotifications (notification_id, dashboard_feed_id) VALUES (344, 876);
INSERT INTO dashboardNotifications (notification_id, dashboard_feed_id) VALUES (408, 205);
INSERT INTO dashboardNotifications (notification_id, dashboard_feed_id) VALUES (220, 67);
INSERT INTO dashboardNotifications (notification_id, dashboard_feed_id) VALUES (344, 310);
INSERT INTO dashboardNotifications (notification_id, dashboard_feed_id) VALUES (484, 975);
INSERT INTO dashboardNotifications (notification_id, dashboard_feed_id) VALUES (267, 825);
INSERT INTO dashboardNotifications (notification_id, dashboard_feed_id) VALUES (238, 948);
INSERT INTO dashboardNotifications (notification_id, dashboard_feed_id) VALUES (494, 936);
INSERT INTO dashboardNotifications (notification_id, dashboard_feed_id) VALUES (126, 313);
INSERT INTO dashboardNotifications (notification_id, dashboard_feed_id) VALUES (183, 195);
INSERT INTO dashboardNotifications (notification_id, dashboard_feed_id) VALUES (105, 250);
INSERT INTO dashboardNotifications (notification_id, dashboard_feed_id) VALUES (498, 154);
INSERT INTO userNotifications (user_id, notification_id) VALUES (6235, 414);
INSERT INTO userNotifications (user_id, notification_id) VALUES (6084, 439);
INSERT INTO userNotifications (user_id, notification_id) VALUES (7939, 200);
INSERT INTO userNotifications (user_id, notification_id) VALUES (928, 359);
INSERT INTO userNotifications (user_id, notification_id) VALUES (6887, 101);
INSERT INTO userNotifications (user_id, notification_id) VALUES (7192, 494);
INSERT INTO userNotifications (user_id, notification_id) VALUES (2452, 498);
INSERT INTO userNotifications (user_id, notification_id) VALUES (4066, 287);
INSERT INTO userNotifications (user_id, notification_id) VALUES (10229, 105);
INSERT INTO userNotifications (user_id, notification_id) VALUES (2318, 238);
INSERT INTO userNotifications (user_id, notification_id) VALUES (1005, 212);
INSERT INTO userNotifications (user_id, notification_id) VALUES (2703, 100);
INSERT INTO userNotifications (user_id, notification_id) VALUES (9580, 53);
INSERT INTO userNotifications (user_id, notification_id) VALUES (7573, 56);
INSERT INTO userNotifications (user_id, notification_id) VALUES (3384, 469);
INSERT INTO userNotifications (user_id, notification_id) VALUES (526, 131);
INSERT INTO userNotifications (user_id, notification_id) VALUES (3969, 267);
INSERT INTO userNotifications (user_id, notification_id) VALUES (7061, 300);
INSERT INTO userNotifications (user_id, notification_id) VALUES (10822, 434);
INSERT INTO userNotifications (user_id, notification_id) VALUES (1964, 126);
INSERT INTO userNotifications (user_id, notification_id) VALUES (10576, 278);
INSERT INTO userNotifications (user_id, notification_id) VALUES (11852, 210);
INSERT INTO userNotifications (user_id, notification_id) VALUES (11186, 484);
INSERT INTO userNotifications (user_id, notification_id) VALUES (11321, 87);
INSERT INTO userNotifications (user_id, notification_id) VALUES (11201, 484);
INSERT INTO userNotifications (user_id, notification_id) VALUES (2425, 299);
INSERT INTO userNotifications (user_id, notification_id) VALUES (11201, 408);
INSERT INTO userNotifications (user_id, notification_id) VALUES (2292, 267);
INSERT INTO userNotifications (user_id, notification_id) VALUES (9379, 183);
INSERT INTO userNotifications (user_id, notification_id) VALUES (2244, 226);
INSERT INTO userNotifications (user_id, notification_id) VALUES (1048, 180);
INSERT INTO userNotifications (user_id, notification_id) VALUES (9612, 220);
INSERT INTO userNotifications (user_id, notification_id) VALUES (11437, 291);
INSERT INTO userNotifications (user_id, notification_id) VALUES (1578, 487);
INSERT INTO userNotifications (user_id, notification_id) VALUES (9708, 206);
INSERT INTO userNotifications (user_id, notification_id) VALUES (8415, 66);
INSERT INTO userNotifications (user_id, notification_id) VALUES (5601, 72);
INSERT INTO userNotifications (user_id, notification_id) VALUES (4883, 212);
INSERT INTO userNotifications (user_id, notification_id) VALUES (2942, 86);
INSERT INTO userNotifications (user_id, notification_id) VALUES (9997, 344);
INSERT INTO userNotifications (user_id, notification_id) VALUES (6235, 344);
INSERT INTO userNotifications (user_id, notification_id) VALUES (7939, 439);
INSERT INTO userNotifications (user_id, notification_id) VALUES (928, 344);
INSERT INTO userNotifications (user_id, notification_id) VALUES (928, 300);
INSERT INTO userNotifications (user_id, notification_id) VALUES (2452, 101);
INSERT INTO userNotifications (user_id, notification_id) VALUES (526, 494);
INSERT INTO userNotifications (user_id, notification_id) VALUES (11186, 498);
INSERT INTO userNotifications (user_id, notification_id) VALUES (9997, 287);
INSERT INTO userNotifications (user_id, notification_id) VALUES (526, 105);
INSERT INTO userNotifications (user_id, notification_id) VALUES (2318, 86);
INSERT INTO userNotifications (user_id, notification_id) VALUES (1005, 100);
INSERT INTO userNotifications (user_id, notification_id) VALUES (2703, 278);
INSERT INTO userNotifications (user_id, notification_id) VALUES (9580, 56);
INSERT INTO userNotifications (user_id, notification_id) VALUES (7573, 484);
INSERT INTO userNotifications (user_id, notification_id) VALUES (11186, 469);
INSERT INTO userNotifications (user_id, notification_id) VALUES (526, 300);
INSERT INTO userNotifications (user_id, notification_id) VALUES (3969, 226);
INSERT INTO userNotifications (user_id, notification_id) VALUES (7061, 220);
INSERT INTO userNotifications (user_id, notification_id) VALUES (10822, 498);
INSERT INTO userNotifications (user_id, notification_id) VALUES (1048, 126);
INSERT INTO userNotifications (user_id, notification_id) VALUES (10576, 210);
INSERT INTO userNotifications (user_id, notification_id) VALUES
(7061, 484),
(4066, 56),
(7192, 56),
(11437, 200),
(11852, 180),
(6235, 86),
(3969, 469),
(3384, 439),
(10229, 100),
(1964, 408),
(2703, 126),
(2292, 278),
(9580, 66),
(11201, 220),
(11186, 72),
(1048, 344),
(526, 210),
(9612, 210),
(5601, 87),
(10822, 53),
(1578, 226),
(9379, 287),
(6084, 414),
(2452, 53),
(7573, 212),
(2425, 487),
(11321, 101),
(6887, 238),
(8415, 100),
(2244, 267),
(10576, 206),
(928, 131),
(1005, 359),
(2942, 291),
(7767, 267),
(9708, 183),
(9997, 300),
(2318, 299),
(7939, 498),
(4883, 291),
(2942, 267),
(10822, 101),
(3384, 56),
(1964, 414),
(4883, 434),
(6084, 180),
(11321, 100),
(2244, 439),
(10229, 206),
(1048, 484),
(2425, 267),
(1578, 359),
(1005, 183),
(9580, 300),
(2703, 469),
(4066, 131),
(2318, 72),
(11201, 238),
(2452, 72),
(7061, 278),
(9997, 487),
(928, 226),
(2292, 344),
(9612, 100),
(9708, 200),
(526, 287),
(6235, 494),
(7573, 300),
(3969, 210),
(6887, 100),
(11186, 408),
(7767, 291),
(11852, 299),
(7192, 86),
(7939, 287),
(8415, 87),
(11437, 105),
(10576, 66),
(5601, 126),
(9379, 212),
(10229, 344),
(11852, 238),
(6235, 498),
(9612, 56),
(5601, 484),
(11437, 439),
(1964, 267),
(10576, 72),
(6084, 469),
(8415, 86),
(2703, 131),
(9708, 300),
(3969, 299),
(1048, 105),
(2425, 87),
(1578, 220),
(526, 183),
(9379, 100),
(11321, 408),
(10822, 180);